-- 유저 샘플데이터
INSERT INTO user (id, name, alt_id, created_at, modified_at)
VALUES
    (1, 'user01', UNHEX(REPLACE('01943b62-8fed-7ea1-9d56-085529e28b11', '-', '')), 1736174400, 1736174400),
    (2, 'user02', UNHEX(REPLACE('01943b62-be7d-7e75-9db8-6ccccebf5d64', '-', '')), 1736174400, 1736174400),
    (3, 'user03', UNHEX(REPLACE('b7b3307f-ec4f-7026-8538-df3a33d2fc3a', '-', '')), 1736174400, 1736174400),
    (4, 'user04', UNHEX(REPLACE('90fbbc8a-8d35-7c57-b92a-944e0a128195', '-', '')), 1736174400, 1736174400),
    (5, 'user05', UNHEX(REPLACE('fbbd7b35-bb0b-7c6b-99f0-2c6d617ec6f2', '-', '')), 1736174400, 1736174400),
    (6, 'user06', UNHEX(REPLACE('7df6a6b7-f5b8-755d-b06b-acc7f7e6b515', '-', '')), 1736174400, 1736174400),
    (7, 'user07', UNHEX(REPLACE('a8c1e52c-f9bb-7a0f-92e4-e44cc5f34f52', '-', '')), 1736174400, 1736174400),
    (8, 'user08', UNHEX(REPLACE('d7a44c93-2b7d-77be-8f36-0c87dbf02f72', '-', '')), 1736174400, 1736174400),
    (9, 'user09', UNHEX(REPLACE('cdcdcb89-0e8e-73a0-b702-945fc0dbb2f7', '-', '')), 1736174400, 1736174400),
    (10, 'user10', UNHEX(REPLACE('63136d94-2722-7ac7-b1bc-7d582707ce91', '-', '')), 1736174400, 1736174400),
    (11, 'user11', UNHEX(REPLACE('b1c850ab-2d38-7c9f-b156-bf8a4fc5b0fa', '-', '')), 1736174400, 1736174400),
    (12, 'user12', UNHEX(REPLACE('45eec1e2-b1ff-7e6c-99a5-b015b0a67b9d', '-', '')), 1736174400, 1736174400),
    (13, 'user13', UNHEX(REPLACE('9c6c477e-d3fa-7289-9df8-1c6b4226bb93', '-', '')), 1736174400, 1736174400),
    (14, 'user14', UNHEX(REPLACE('ce74556b-42b0-7c2f-b438-7b983d5e5b1b', '-', '')), 1736174400, 1736174400),
    (15, 'user15', UNHEX(REPLACE('d96b8e4c-e948-76fa-81b5-464d4f256533', '-', '')), 1736174400, 1736174400),
    (16, 'user16', UNHEX(REPLACE('f87a8b98-0b5d-77de-9d58-2fcbb607b798', '-', '')), 1736174400, 1736174400),
    (17, 'user17', UNHEX(REPLACE('9bb993c2-9f5a-7287-b441-68d67f49b59b', '-', '')), 1736174400, 1736174400),
    (18, 'user18', UNHEX(REPLACE('37e4b0fa-0bde-7f52-bf7d-b602a66b5058', '-', '')), 1736174400, 1736174400),
    (19, 'user19', UNHEX(REPLACE('482fbca1-7b1d-7282-bc39-38126fc3b640', '-', '')), 1736174400, 1736174400),
    (20, 'user20', UNHEX(REPLACE('f8c76ba9-69ad-76f1-a1da-69f6de94e63e', '-', '')), 1736174400, 1736174400),
    (21, 'user21', UNHEX(REPLACE('dfb773a3-b4e3-73b2-bfc1-1adfce1b7f2f', '-', '')), 1736174400, 1736174400),
    (22, 'user22', UNHEX(REPLACE('5e5c1bfe-0321-7ed0-b98a-d7e509db7282', '-', '')), 1736174400, 1736174400),
    (23, 'user23', UNHEX(REPLACE('04f6b74e-13e5-7fc7-a1f5-4282a43ec7ab', '-', '')), 1736174400, 1736174400),
    (24, 'user24', UNHEX(REPLACE('d5cc7c9d-5673-73eb-82be-1a1d497e5441', '-', '')), 1736174400, 1736174400),
    (25, 'user25', UNHEX(REPLACE('501a325d-e49e-7e3d-9d58-2ed4f78c83a1', '-', '')), 1736174400, 1736174400),
    (26, 'user26', UNHEX(REPLACE('5fbcf3f3-3726-7e61-b8ff-b346dd7f41e5', '-', '')), 1736174400, 1736174400),
    (27, 'user27', UNHEX(REPLACE('13f50e27-2d57-7f3d-8c97-d0b627ab3b72', '-', '')), 1736174400, 1736174400),
    (28, 'user28', UNHEX(REPLACE('287c05ac-e601-79d3-91f7-9d6c9f963e98', '-', '')), 1736174400, 1736174400),
    (29, 'user29', UNHEX(REPLACE('289db28f-b558-7f0d-8a32-383e9b032b01', '-', '')), 1736174400, 1736174400),
    (30, 'user30', UNHEX(REPLACE('ed5fd502-7b4f-7ea3-b43a-849ed120ba79', '-', '')), 1736174400, 1736174400),
    (31, 'user31', UNHEX(REPLACE('ad8a2a64-bcc0-7f5c-9a56-bd4d81c7bb8a', '-', '')), 1736174400, 1736174400),
    (32, 'user32', UNHEX(REPLACE('8cbe6244-e4a6-78b2-b6f9-c5d56edc8c6a', '-', '')), 1736174400, 1736174400),
    (33, 'user33', UNHEX(REPLACE('14cd0701-4b2f-7fa9-b081-8d02d8e9a0cf', '-', '')), 1736174400, 1736174400),
    (34, 'user34', UNHEX(REPLACE('b503f9c9-b91a-7ea3-8b56-86e081dbb7e1', '-', '')), 1736174400, 1736174400),
    (35, 'user35', UNHEX(REPLACE('3b6dcbf0-0bc2-7774-93b5-572b287da45f', '-', '')), 1736174400, 1736174400),
    (36, 'user36', UNHEX(REPLACE('f682b185-c017-70fe-b819-0f60c9c78896', '-', '')), 1736174400, 1736174400),
    (37, 'user37', UNHEX(REPLACE('a5c8a79f-b999-7d91-b420-2821189c93b1', '-', '')), 1736174400, 1736174400),
    (38, 'user38', UNHEX(REPLACE('9132f750-efb7-7ff4-b9ed-b8b0f8c570ed', '-', '')), 1736174400, 1736174400),
    (39, 'user39', UNHEX(REPLACE('a31278b3-84bc-7b67-b601-1c95b9a072d3', '-', '')), 1736174400, 1736174400),
    (40, 'user40', UNHEX(REPLACE('c0b90f4c-221e-7d90-b2be-b466bf890a02', '-', '')), 1736174400, 1736174400),
    (41, 'user41', UNHEX(REPLACE('2093b84f-1735-74c9-b632-689f1e9b7e80', '-', '')), 1736174400, 1736174400),
    (42, 'user42', UNHEX(REPLACE('b5d34e7c-e879-73e2-b77f-9f0846d03991', '-', '')), 1736174400, 1736174400),
    (43, 'user43', UNHEX(REPLACE('fbc9d7a5-49d4-7bc6-9257-bdf9a1fffbdb', '-', '')), 1736174400, 1736174400),
    (44, 'user44', UNHEX(REPLACE('813b9828-e2a5-72ff-8fae-bca65b4b5d01', '-', '')), 1736174400, 1736174400),
    (45, 'user45', UNHEX(REPLACE('ce1b08f9-9085-7f85-8fdf-91b7c78c7a2b', '-', '')), 1736174400, 1736174400),
    (46, 'user46', UNHEX(REPLACE('ab5173a9-e0fd-73ba-b2b1-908d75807525', '-', '')), 1736174400, 1736174400),
    (47, 'user47', UNHEX(REPLACE('7a3c11d3-4098-78b7-90a2-cb2267e0a59f', '-', '')), 1736174400, 1736174400),
    (48, 'user48', UNHEX(REPLACE('10505ed6-b462-775b-b3b8-c7f2f7fd4a85', '-', '')), 1736174400, 1736174400),
    (49, 'user49', UNHEX(REPLACE('f2278105-b545-781d-94c6-31c2349ae201', '-', '')), 1736174400, 1736174400),
    (50, 'user50', UNHEX(REPLACE('da6797d4-b0fa-7d80-bc76-77c06e71a690', '-', '')), 1736174400, 1736174400),
    (51, 'user51', UNHEX(REPLACE('823c5a70-3b62-7286-bf2e-6d4c320a04e9', '-', '')), 1736174400, 1736174400),
    (52, 'user52', UNHEX(REPLACE('5b22a8d7-479e-79fe-9306-d4bc2c06f12e', '-', '')), 1736174400, 1736174400),
    (53, 'user53', UNHEX(REPLACE('54c98f3a-9f6d-74a7-b953-9d05b2a5ad0c', '-', '')), 1736174400, 1736174400),
    (54, 'user54', UNHEX(REPLACE('c27680f4-f047-71b3-9290-5be53931463b', '-', '')), 1736174400, 1736174400),
    (55, 'user55', UNHEX(REPLACE('093a470b-3a52-77ff-9d65-5bb92910e058', '-', '')), 1736174400, 1736174400),
    (56, 'user56', UNHEX(REPLACE('d0c9f5a4-931f-78b9-80c9-153b2c27068b', '-', '')), 1736174400, 1736174400),
    (57, 'user57', UNHEX(REPLACE('b46480d6-dcf8-7b1e-b1e6-6314c211493b', '-', '')), 1736174400, 1736174400),
    (58, 'user58', UNHEX(REPLACE('1e442bd5-b5f1-7b56-a7be-6995a4061397', '-', '')), 1736174400, 1736174400),
    (59, 'user59', UNHEX(REPLACE('cc5edeb5-450f-71e2-b617-5317ed635d45', '-', '')), 1736174400, 1736174400),
    (60, 'user60', UNHEX(REPLACE('aff837d0-e01d-7d9f-8685-5a4f2671b032', '-', '')), 1736174400, 1736174400),
    (61, 'user61', UNHEX(REPLACE('2b3a080e-11f7-7739-926f-83b18ca96399', '-', '')), 1736174400, 1736174400),
    (62, 'user62', UNHEX(REPLACE('f7e26b26-9028-709f-9e16-05878a8a08de', '-', '')), 1736174400, 1736174400),
    (63, 'user63', UNHEX(REPLACE('e68f9301-2d29-7fba-bbc9-2a75bc07ad70', '-', '')), 1736174400, 1736174400),
    (64, 'user64', UNHEX(REPLACE('f587440e-900f-7b1c-9d4e-01be0ef87f8f', '-', '')), 1736174400, 1736174400),
    (65, 'user65', UNHEX(REPLACE('75064df5-fc72-7484-b6b8-4ab512b70376', '-', '')), 1736174400, 1736174400),
    (66, 'user66', UNHEX(REPLACE('9a1acb1f-b1f4-7bdf-bb4d-1dbdd563decc', '-', '')), 1736174400, 1736174400),
    (67, 'user67', UNHEX(REPLACE('c1f5d8d4-4b1e-70fd-883d-4b9b56d255fe', '-', '')), 1736174400, 1736174400),
    (68, 'user68', UNHEX(REPLACE('5cbef332-5f4a-7c0f-98cc-b49f85857026', '-', '')), 1736174400, 1736174400),
    (69, 'user69', UNHEX(REPLACE('68e17d7a-1f6d-75ff-a3c0-52fbbb6b1e68', '-', '')), 1736174400, 1736174400),
    (70, 'user70', UNHEX(REPLACE('bcdd5988-d5e2-73c0-b1ff-b0a39cb38eb6', '-', '')), 1736174400, 1736174400),
    (71, 'user71', UNHEX(REPLACE('12567d08-7b12-75cb-84ed-4fc8c853e2e0', '-', '')), 1736174400, 1736174400),
    (72, 'user72', UNHEX(REPLACE('f387c61a-0d6e-7057-a528-7c95f0b45c88', '-', '')), 1736174400, 1736174400),
    (73, 'user73', UNHEX(REPLACE('4727b36f-ada7-7a0d-8c07-93a3f4410537', '-', '')), 1736174400, 1736174400),
    (74, 'user74', UNHEX(REPLACE('0d58fc9f-041d-7ff7-bb9c-d10029c0530c', '-', '')), 1736174400, 1736174400),
    (75, 'user75', UNHEX(REPLACE('ff0ff3e4-7744-7a1f-b321-c056fba5322b', '-', '')), 1736174400, 1736174400),
    (76, 'user76', UNHEX(REPLACE('d6047639-60e0-7d80-b2f5-7b846a2b1a77', '-', '')), 1736174400, 1736174400),
    (77, 'user77', UNHEX(REPLACE('2b87764f-b409-7a2c-8a67-759b9c37e3f9', '-', '')), 1736174400, 1736174400),
    (78, 'user78', UNHEX(REPLACE('ad89b658-bfa6-7091-b53c-b1950ac0135e', '-', '')), 1736174400, 1736174400),
    (79, 'user79', UNHEX(REPLACE('c7eaa78d-e4d1-71cb-b0a2-3179a7a05904', '-', '')), 1736174400, 1736174400),
    (80, 'user80', UNHEX(REPLACE('57f4209d-d75b-7c1c-b2e3-c26b79b15832', '-', '')), 1736174400, 1736174400),
    (81, 'user81', UNHEX(REPLACE('a3a8cfb6-bd29-72f1-a6f1-b60fe3e0bc76', '-', '')), 1736174400, 1736174400),
    (82, 'user82', UNHEX(REPLACE('ed848abf-c25a-7f1d-a848-25a58a56fbd2', '-', '')), 1736174400, 1736174400),
    (83, 'user83', UNHEX(REPLACE('f09d37d3-0806-745d-b130-4558769b54f2', '-', '')), 1736174400, 1736174400),
    (84, 'user84', UNHEX(REPLACE('b99b2518-9817-74e2-819f-7c01337de6d9', '-', '')), 1736174400, 1736174400),
    (85, 'user85', UNHEX(REPLACE('54e4406a-4765-7d0d-9cb9-648fd8b505d1', '-', '')), 1736174400, 1736174400),
    (86, 'user86', UNHEX(REPLACE('8bcdbb99-e92b-7c3e-82d5-e2f382fcbe0d', '-', '')), 1736174400, 1736174400),
    (87, 'user87', UNHEX(REPLACE('fc2d7e24-b907-726a-9fd9-0902fd2d97f7', '-', '')), 1736174400, 1736174400),
    (88, 'user88', UNHEX(REPLACE('7427559e-e0d3-75f7-bffb-2712729b91c6', '-', '')), 1736174400, 1736174400),
    (89, 'user89', UNHEX(REPLACE('6821fe5e-ef0a-74d1-9a18-4d49062efb3e', '-', '')), 1736174400, 1736174400),
    (90, 'user90', UNHEX(REPLACE('3d6f1e9a-d70c-7b2f-b78d-52f23fa84035', '-', '')), 1736174400, 1736174400),
    (91, 'user91', UNHEX(REPLACE('f3fc36ae-e7e7-73c2-b1b3-4c6c08f8c51f', '-', '')), 1736174400, 1736174400),
    (92, 'user92', UNHEX(REPLACE('4f949db1-b49b-7bcf-a90a-f428c36d1f5a', '-', '')), 1736174400, 1736174400),
    (93, 'user93', UNHEX(REPLACE('7b557ee5-ec3a-77ff-b2b7-933eeecab4c3', '-', '')), 1736174400, 1736174400),
    (94, 'user94', UNHEX(REPLACE('f3b836bb-b09e-74ad-a3b0-1cbecc88888f', '-', '')), 1736174400, 1736174400),
    (95, 'user95', UNHEX(REPLACE('a15c784e-72c0-78e4-b9cd-47118d876ba4', '-', '')), 1736174400, 1736174400),
    (96, 'user96', UNHEX(REPLACE('34b442ea-533f-7479-b9cf-e62b495b60d4', '-', '')), 1736174400, 1736174400),
    (97, 'user97', UNHEX(REPLACE('38c6b76a-e4c6-74fd-a9c0-b35a028100b8', '-', '')), 1736174400, 1736174400),
    (98, 'user98', UNHEX(REPLACE('0922c869-5b92-752a-9c9f-27a93e903ad7', '-', '')), 1736174400, 1736174400),
    (99, 'user99', UNHEX(REPLACE('ed1a3b68-cc8f-76e1-bec7-ef3278f3cfe7', '-', '')), 1736174400, 1736174400),
    (100, 'user100', UNHEX(REPLACE('1e4702fd-28ea-77d9-9371-5de1243fd14f', '-', '')), 1736174400, 1736174400),
    (1001, 'user1001', UNHEX(REPLACE('0194c534-f4b5-7c63-bfd5-ae9f34f04d01', '-', '')), 1736174400, 1736174400);

-- 유저 잔고 샘플데이터
INSERT INTO user_balance (id, user_id, point, created_at, modified_at)
VALUES
    (1, 1, 1000, 1672972800, 1672972800),
    (2, 2, 1000, 1672972800, 1672972800),
    (3, 3, 1000, 1672972800, 1672972800),
    (4, 4, 1000, 1672972800, 1672972800),
    (5, 5, 1000, 1672972800, 1672972800),
    (6, 6, 1000, 1672972800, 1672972800),
    (7, 7, 1000, 1672972800, 1672972800),
    (8, 8, 1000, 1672972800, 1672972800),
    (9, 9, 1000, 1672972800, 1672972800),
    (10, 10, 1000, 1672972800, 1672972800),
    (11, 11, 1000, 1672972800, 1672972800),
    (12, 12, 1000, 1672972800, 1672972800),
    (13, 13, 1000, 1672972800, 1672972800),
    (14, 14, 1000, 1672972800, 1672972800),
    (15, 15, 1000, 1672972800, 1672972800),
    (16, 16, 1000, 1672972800, 1672972800),
    (17, 17, 1000, 1672972800, 1672972800),
    (18, 18, 1000, 1672972800, 1672972800),
    (19, 19, 1000, 1672972800, 1672972800),
    (20, 20, 1000, 1672972800, 1672972800),
    (21, 21, 1000, 1672972800, 1672972800),
    (22, 22, 1000, 1672972800, 1672972800),
    (23, 23, 1000, 1672972800, 1672972800),
    (24, 24, 1000, 1672972800, 1672972800),
    (25, 25, 1000, 1672972800, 1672972800),
    (26, 26, 1000, 1672972800, 1672972800),
    (27, 27, 1000, 1672972800, 1672972800),
    (28, 28, 1000, 1672972800, 1672972800),
    (29, 29, 1000, 1672972800, 1672972800),
    (30, 30, 1000, 1672972800, 1672972800),
    (31, 31, 1000, 1672972800, 1672972800),
    (32, 32, 1000, 1672972800, 1672972800),
    (33, 33, 1000, 1672972800, 1672972800),
    (34, 34, 1000, 1672972800, 1672972800),
    (35, 35, 1000, 1672972800, 1672972800),
    (36, 36, 1000, 1672972800, 1672972800),
    (37, 37, 1000, 1672972800, 1672972800),
    (38, 38, 1000, 1672972800, 1672972800),
    (39, 39, 1000, 1672972800, 1672972800),
    (40, 40, 1000, 1672972800, 1672972800),
    (41, 41, 1000, 1672972800, 1672972800),
    (42, 42, 1000, 1672972800, 1672972800),
    (43, 43, 1000, 1672972800, 1672972800),
    (44, 44, 1000, 1672972800, 1672972800),
    (45, 45, 1000, 1672972800, 1672972800),
    (46, 46, 1000, 1672972800, 1672972800),
    (47, 47, 1000, 1672972800, 1672972800),
    (48, 48, 1000, 1672972800, 1672972800),
    (49, 49, 1000, 1672972800, 1672972800),
    (50, 50, 1000, 1672972800, 1672972800),
    (51, 51, 1000, 1672972800, 1672972800),
    (52, 52, 1000, 1672972800, 1672972800),
    (53, 53, 1000, 1672972800, 1672972800),
    (54, 54, 1000, 1672972800, 1672972800),
    (55, 55, 1000, 1672972800, 1672972800),
    (56, 56, 1000, 1672972800, 1672972800),
    (57, 57, 1000, 1672972800, 1672972800),
    (58, 58, 1000, 1672972800, 1672972800),
    (59, 59, 1000, 1672972800, 1672972800),
    (60, 60, 1000, 1672972800, 1672972800),
    (61, 61, 1000, 1672972800, 1672972800),
    (62, 62, 1000, 1672972800, 1672972800),
    (63, 63, 1000, 1672972800, 1672972800),
    (64, 64, 1000, 1672972800, 1672972800),
    (65, 65, 1000, 1672972800, 1672972800),
    (66, 66, 1000, 1672972800, 1672972800),
    (67, 67, 1000, 1672972800, 1672972800),
    (68, 68, 1000, 1672972800, 1672972800),
    (69, 69, 1000, 1672972800, 1672972800),
    (70, 70, 1000, 1672972800, 1672972800),
    (71, 71, 1000, 1672972800, 1672972800),
    (72, 72, 1000, 1672972800, 1672972800),
    (73, 73, 1000, 1672972800, 1672972800),
    (74, 74, 1000, 1672972800, 1672972800),
    (75, 75, 1000, 1672972800, 1672972800),
    (76, 76, 1000, 1672972800, 1672972800),
    (77, 77, 1000, 1672972800, 1672972800),
    (78, 78, 1000, 1672972800, 1672972800),
    (79, 79, 1000, 1672972800, 1672972800),
    (80, 80, 1000, 1672972800, 1672972800),
    (81, 81, 1000, 1672972800, 1672972800),
    (82, 82, 1000, 1672972800, 1672972800),
    (83, 83, 1000, 1672972800, 1672972800),
    (84, 84, 1000, 1672972800, 1672972800),
    (85, 85, 1000, 1672972800, 1672972800),
    (86, 86, 1000, 1672972800, 1672972800),
    (87, 87, 1000, 1672972800, 1672972800),
    (88, 88, 1000, 1672972800, 1672972800),
    (89, 89, 1000, 1672972800, 1672972800),
    (90, 90, 1000, 1672972800, 1672972800),
    (91, 91, 1000, 1672972800, 1672972800),
    (92, 92, 1000, 1672972800, 1672972800),
    (93, 93, 1000, 1672972800, 1672972800),
    (94, 94, 1000, 1672972800, 1672972800),
    (95, 95, 1000, 1672972800, 1672972800),
    (96, 96, 1000, 1672972800, 1672972800),
    (97, 97, 1000, 1672972800, 1672972800),
    (98, 98, 1000, 1672972800, 167297280),
    (99, 99, 1000, 1672972800, 167297280),
    (100, 100, 1000, 1672972800, 167297280),
    (1001, 1001, 1000, 1672972800, 167297280);

-- Insert concert 샘플데이터
INSERT INTO concert (id, concert_id, name, created_at, modified_at)
VALUES
    (1, 1, 'Rock Festival 2025', 1752573600000, 1752573600000),
    (2, 2, 'Jazz Night 2025', 1752660000000, 1752660000000),
    (3, 3, 'Electronic Vibes 2025', 1752746400000, 1752746400000),
    (4, 4, 'Pop Concert 2025', 1752832800000, 1752832800000),
    (5, 5, 'Indie Music 2025', 1752919200000, 1752919200000),
    (6, 6, 'Classical Symphony 2025', 1753005600000, 1753005600000),
    (7, 7, 'Hip-Hop Fest 2025', 1753092000000, 1753092000000),
    (8, 8, 'Blues & Soul 2025', 1753178400000, 1753178400000),
    (9, 9, 'Folk Music 2025', 1753264800000, 1753264800000),
    (10, 10, 'Reggae Night 2025', 1753351200000, 1753351200000);

-- concert_schedule 샘플데이터
INSERT INTO concert_schedule (id, concert_id, start_at, end_at, created_at, modified_at)
VALUES
    (1, 1, 1752573600000, 1752580800000, 1736294400000, 1736294400000), -- 2025-07-15 19:00 ~ 21:00
    (2, 1, 1752660000000, 1752667200000, 1736294400000, 1736294400000), -- 2025-07-16 19:00 ~ 21:00
    (3, 1, 1752746400000, 1752753600000, 1736294400000, 1736294400000), -- 2025-07-17 19:00 ~ 21:00
    (4, 1, 1752832800000, 1752840000000, 1736294400000, 1736294400000), -- 2025-07-18 19:00 ~ 21:00
    (5, 1, 1752919200000, 1752926400000, 1736294400000, 1736294400000), -- 2025-07-19 19:00 ~ 21:00
    (6, 1, 1753005600000, 1753012800000, 1736294400000, 1736294400000), -- 2025-07-20 19:00 ~ 21:00
    (7, 1, 1753092000000, 1753099200000, 1736294400000, 1736294400000), -- 2025-07-21 19:00 ~ 21:00
    (8, 1, 1753178400000, 1753185600000, 1736294400000, 1736294400000), -- 2025-07-22 19:00 ~ 21:00
    (9, 1, 1753264800000, 1753272000000, 1736294400000, 1736294400000), -- 2025-07-23 19:00 ~ 21:00
    (10, 1, 1753351200000, 1753358400000, 1736294400000, 1736294400000), -- 2025-07-24 19:00 ~ 21:00

    (11, 2, 1753443600000, 1753450800000, 1736294400000, 1736294400000), -- 2025-07-25 19:00 ~ 21:00
    (12, 2, 1753530000000, 1753537200000, 1736294400000, 1736294400000), -- 2025-07-26 19:00 ~ 21:00
    (13, 2, 1753616400000, 1753623600000, 1736294400000, 1736294400000), -- 2025-07-27 19:00 ~ 21:00
    (14, 2, 1753702800000, 1753710000000, 1736294400000, 1736294400000), -- 2025-07-28 19:00 ~ 21:00
    (15, 2, 1753789200000, 1753796400000, 1736294400000, 1736294400000), -- 2025-07-29 19:00 ~ 21:00
    (16, 2, 1753875600000, 1753882800000, 1736294400000, 1736294400000), -- 2025-07-30 19:00 ~ 21:00
    (17, 2, 1753962000000, 1753969200000, 1736294400000, 1736294400000), -- 2025-07-31 19:00 ~ 21:00
    (18, 2, 1754048400000, 1754055600000, 1736294400000, 1736294400000), -- 2025-08-01 19:00 ~ 21:00
    (19, 2, 1754134800000, 1754142000000, 1736294400000, 1736294400000), -- 2025-08-02 19:00 ~ 21:00
    (20, 2, 1754221200000, 1754228400000, 1736294400000, 1736294400000), -- 2025-08-03 19:00 ~ 21:00

    (21, 3, 1754307600000, 1754314800000, 1736294400000, 1736294400000), -- 2025-08-04 19:00 ~ 21:00
    (22, 3, 1754394000000, 1754401200000, 1736294400000, 1736294400000), -- 2025-08-05 19:00 ~ 21:00
    (23, 3, 1754480400000, 1754487600000, 1736294400000, 1736294400000), -- 2025-08-06 19:00 ~ 21:00
    (24, 3, 1754566800000, 1754574000000, 1736294400000, 1736294400000), -- 2025-08-07 19:00 ~ 21:00
    (25, 3, 1754653200000, 1754660400000, 1736294400000, 1736294400000), -- 2025-08-08 19:00 ~ 21:00
    (26, 3, 1754739600000, 1754746800000, 1736294400000, 1736294400000), -- 2025-08-09 19:00 ~ 21:00
    (27, 3, 1754826000000, 1754833200000, 1736294400000, 1736294400000), -- 2025-08-10 19:00 ~ 21:00
    (28, 3, 1754912400000, 1754919600000, 1736294400000, 1736294400000), -- 2025-08-11 19:00 ~ 21:00
    (29, 3, 1754998800000, 1755006000000, 1736294400000, 1736294400000), -- 2025-08-12 19:00 ~ 21:00
    (30, 3, 1755085200000, 1755092400000, 1736294400000, 1736294400000), -- 2025-08-13 19:00 ~ 21:00

    (31, 4, 1755171600000, 1755178800000, 1736294400000, 1736294400000), -- 2025-08-14 19:00 ~ 21:00
    (32, 4, 1755258000000, 1755265200000, 1736294400000, 1736294400000), -- 2025-08-15 19:00 ~ 21:00
    (33, 4, 1755344400000, 1755351600000, 1736294400000, 1736294400000), -- 2025-08-16 19:00 ~ 21:00
    (34, 4, 1755430800000, 1755438000000, 1736294400000, 1736294400000), -- 2025-08-17 19:00 ~ 21:00
    (35, 4, 1755517200000, 1755524400000, 1736294400000, 1736294400000), -- 2025-08-18 19:00 ~ 21:00
    (36, 4, 1755603600000, 1755610800000, 1736294400000, 1736294400000), -- 2025-08-19 19:00 ~ 21:00
    (37, 4, 1755690000000, 1755697200000, 1736294400000, 1736294400000), -- 2025-08-20 19:00 ~ 21:00
    (38, 4, 1755776400000, 1755783600000, 1736294400000, 1736294400000), -- 2025-08-21 19:00 ~ 21:00
    (39, 4, 1755862800000, 1755870000000, 1736294400000, 1736294400000), -- 2025-08-22 19:00 ~ 21:00
    (40, 4, 1755949200000, 1755956400000, 1736294400000, 1736294400000), -- 2025-08-23 19:00 ~ 21:00

    (41, 5, 1756035600000, 1756042800000, 1736294400000, 1736294400000), -- 2025-08-24 19:00 ~ 21:00
    (42, 5, 1756122000000, 1756129200000, 1736294400000, 1736294400000), -- 2025-08-25 19:00 ~ 21:00
    (43, 5, 1756208400000, 1756215600000, 1736294400000, 1736294400000), -- 2025-08-26 19:00 ~ 21:00
    (44, 5, 1756294800000, 1756302000000, 1736294400000, 1736294400000), -- 2025-08-27 19:00 ~ 21:00
    (45, 5, 1756381200000, 1756388400000, 1736294400000, 1736294400000), -- 2025-08-28 19:00 ~ 21:00
    (46, 5, 1756467600000, 1756474800000, 1736294400000, 1736294400000), -- 2025-08-29 19:00 ~ 21:00
    (47, 5, 1756554000000, 1756561200000, 1736294400000, 1736294400000), -- 2025-08-30 19:00 ~ 21:00
    (48, 5, 1756640400000, 1756647600000, 1736294400000, 1736294400000), -- 2025-08-31 19:00 ~ 21:00
    (49, 5, 1756726800000, 1756734000000, 1736294400000, 1736294400000), -- 2025-09-01 19:00 ~ 21:00
    (50, 5, 1756813200000, 1756820400000, 1736294400000, 1736294400000), -- 2025-09-02 19:00 ~ 21:00

    (51, 6, 1756899600000, 1756906800000, 1736294400000, 1736294400000), -- 2025-09-03 19:00 ~ 21:00
    (52, 6, 1756986000000, 1756993200000, 1736294400000, 1736294400000), -- 2025-09-04 19:00 ~ 21:00
    (53, 6, 1757072400000, 1757079600000, 1736294400000, 1736294400000), -- 2025-09-05 19:00 ~ 21:00
    (54, 6, 1757158800000, 1757166000000, 1736294400000, 1736294400000), -- 2025-09-06 19:00 ~ 21:00
    (55, 6, 1757245200000, 1757252400000, 1736294400000, 1736294400000), -- 2025-09-07 19:00 ~ 21:00
    (56, 6, 1757331600000, 1757338800000, 1736294400000, 1736294400000), -- 2025-09-08 19:00 ~ 21:00
    (57, 6, 1757418000000, 1757425200000, 1736294400000, 1736294400000), -- 2025-09-09 19:00 ~ 21:00
    (58, 6, 1757504400000, 1757511600000, 1736294400000, 1736294400000), -- 2025-09-10 19:00 ~ 21:00
    (59, 6, 1757590800000, 1757598000000, 1736294400000, 1736294400000), -- 2025-09-11 19:00 ~ 21:00
    (60, 6, 1757677200000, 1757684400000, 1736294400000, 1736294400000), -- 2025-09-12 19:00 ~ 21:00

    (61, 7, 1757763600000, 1757770800000, 1736294400000, 1736294400000), -- 2025-09-13 19:00 ~ 21:00
    (62, 7, 1757850000000, 1757857200000, 1736294400000, 1736294400000), -- 2025-09-14 19:00 ~ 21:00
    (63, 7, 1757936400000, 1757943600000, 1736294400000, 1736294400000), -- 2025-09-15 19:00 ~ 21:00
    (64, 7, 1758022800000, 1758030000000, 1736294400000, 1736294400000), -- 2025-09-16 19:00 ~ 21:00
    (65, 7, 1758109200000, 1758116400000, 1736294400000, 1736294400000), -- 2025-09-17 19:00 ~ 21:00
    (66, 7, 1758195600000, 1758202800000, 1736294400000, 1736294400000), -- 2025-09-18 19:00 ~ 21:00
    (67, 7, 1758282000000, 1758289200000, 1736294400000, 1736294400000), -- 2025-09-19 19:00 ~ 21:00
    (68, 7, 1758368400000, 1758375600000, 1736294400000, 1736294400000), -- 2025-09-20 19:00 ~ 21:00
    (69, 7, 1758454800000, 1758462000000, 1736294400000, 1736294400000), -- 2025-09-21 19:00 ~ 21:00
    (70, 7, 1758541200000, 1758548400000, 1736294400000, 1736294400000), -- 2025-09-22 19:00 ~ 21:00

    (71, 8, 1758627600000, 1758634800000, 1736294400000, 1736294400000), -- 2025-09-23 19:00 ~ 21:00
    (72, 8, 1758714000000, 1758721200000, 1736294400000, 1736294400000), -- 2025-09-24 19:00 ~ 21:00
    (73, 8, 1758800400000, 1758807600000, 1736294400000, 1736294400000), -- 2025-09-25 19:00 ~ 21:00
    (74, 8, 1758886800000, 1758894000000, 1736294400000, 1736294400000), -- 2025-09-26 19:00 ~ 21:00
    (75, 8, 1758973200000, 1758980400000, 1736294400000, 1736294400000), -- 2025-09-27 19:00 ~ 21:00
    (76, 8, 1759059600000, 1759066800000, 1736294400000, 1736294400000), -- 2025-09-28 19:00 ~ 21:00
    (77, 8, 1759146000000, 1759153200000, 1736294400000, 1736294400000), -- 2025-09-29 19:00 ~ 21:00
    (78, 8, 1759232400000, 1759239600000, 1736294400000, 1736294400000), -- 2025-09-30 19:00 ~ 21:00
    (79, 8, 1759318800000, 1759326000000, 1736294400000, 1736294400000), -- 2025-10-01 19:00 ~ 21:00
    (80, 8, 1759405200000, 1759412400000, 1736294400000, 1736294400000), -- 2025-10-02 19:00 ~ 21:00

    (81, 9, 1759491600000, 1759498800000, 1736294400000, 1736294400000), -- 2025-10-03 19:00 ~ 21:00
    (82, 9, 1759578000000, 1759585200000, 1736294400000, 1736294400000), -- 2025-10-04 19:00 ~ 21:00
    (83, 9, 1759664400000, 1759671600000, 1736294400000, 1736294400000), -- 2025-10-05 19:00 ~ 21:00
    (84, 9, 1759750800000, 1759758000000, 1736294400000, 1736294400000), -- 2025-10-06 19:00 ~ 21:00
    (85, 9, 1759837200000, 1759844400000, 1736294400000, 1736294400000), -- 2025-10-07 19:00 ~ 21:00
    (86, 9, 1759923600000, 1759930800000, 1736294400000, 1736294400000), -- 2025-10-08 19:00 ~ 21:00
    (87, 9, 1760010000000, 1760017200000, 1736294400000, 1736294400000), -- 2025-10-09 19:00 ~ 21:00
    (88, 9, 1760096400000, 1760103600000, 1736294400000, 1736294400000), -- 2025-10-10 19:00 ~ 21:00
    (89, 9, 1760182800000, 1760190000000, 1736294400000, 1736294400000), -- 2025-10-11 19:00 ~ 21:00
    (90, 9, 1760269200000, 1760276400000, 1736294400000, 1736294400000), -- 2025-10-12 19:00 ~ 21:00

    (91, 10, 1760355600000, 1760362800000, 1736294400000, 1736294400000), -- 2025-10-13 19:00 ~ 21:00
    (92, 10, 1760442000000, 1760449200000, 1736294400000, 1736294400000), -- 2025-10-14 19:00 ~ 21:00
    (93, 10, 1760528400000, 1760535600000, 1736294400000, 1736294400000), -- 2025-10-15 19:00 ~ 21:00
    (94, 10, 1760614800000, 1760622000000, 1736294400000, 1736294400000), -- 2025-10-16 19:00 ~ 21:00
    (95, 10, 1760701200000, 1760708400000, 1736294400000, 1736294400000), -- 2025-10-17 19:00 ~ 21:00
    (96, 10, 1760787600000, 1760794800000, 1736294400000, 1736294400000), -- 2025-10-18 19:00 ~ 21:00
    (97, 10, 1760874000000, 1760881200000, 1736294400000, 1736294400000), -- 2025-10-19 19:00 ~ 21:00
    (98, 10, 1760960400000, 1760967600000, 1736294400000, 1736294400000), -- 2025-10-20 19:00 ~ 21:00
    (99, 10, 1761046800000, 1761054000000, 1736294400000, 1736294400000), -- 2025-10-21 19:00 ~ 21:00
    (100,10, 1761133200000, 1761140400000, 1736294400000, 1736294400000); -- 2025-10-22 19:00 ~ 21:00

INSERT INTO concert_seat (schedule_id, seat_number, status, price, created_at, modified_at)
VALUES
    (1, 1, 'AVAILABLE', 1000, 1736294400000, 1736294400000),
    (1, 2, 'AVAILABLE', 1000, 1736294400000, 1736294400000),
    (1, 3, 'AVAILABLE', 1000, 1736294400000, 1736294400000),
    (1, 4, 'AVAILABLE', 1000, 1736294400000, 1736294400000),
    (1, 5, 'AVAILABLE', 1000, 1736294400000, 1736294400000),
    (1, 6, 'AVAILABLE', 1000, 1736294400000, 1736294400000),
    (1, 7, 'AVAILABLE', 1000, 1736294400000, 1736294400000),
    (1, 8, 'AVAILABLE', 1000, 1736294400000, 1736294400000),
    (1, 9, 'AVAILABLE', 1000, 1736294400000, 1736294400000),
    (1, 10, 'AVAILABLE', 1000, 1736294400000, 1736294400000),

    (2, 1, 'AVAILABLE', 1000, 1736294400000, 1736294400000),
    (2, 2, 'AVAILABLE', 1000, 1736294400000, 1736294400000),
    (2, 3, 'AVAILABLE', 1000, 1736294400000, 1736294400000),
    (2, 4, 'AVAILABLE', 1000, 1736294400000, 1736294400000),
    (2, 5, 'AVAILABLE', 1000, 1736294400000, 1736294400000),
    (2, 6, 'AVAILABLE', 1000, 1736294400000, 1736294400000),
    (2, 7, 'AVAILABLE', 1000, 1736294400000, 1736294400000),
    (2, 8, 'AVAILABLE', 1000, 1736294400000, 1736294400000),
    (2, 9, 'AVAILABLE', 1000, 1736294400000, 1736294400000),
    (2, 10, 'AVAILABLE', 1000, 1736294400000, 1736294400000),

    (3, 1, 'AVAILABLE', 1000, 1736294400000, 1736294400000),
    (3, 2, 'AVAILABLE', 1000, 1736294400000, 1736294400000),
    (3, 3, 'AVAILABLE', 1000, 1736294400000, 1736294400000),
    (3, 4, 'AVAILABLE', 1000, 1736294400000, 1736294400000),
    (3, 5, 'AVAILABLE', 1000, 1736294400000, 1736294400000),
    (3, 6, 'AVAILABLE', 1000, 1736294400000, 1736294400000),
    (3, 7, 'AVAILABLE', 1000, 1736294400000, 1736294400000),
    (3, 8, 'AVAILABLE', 1000, 1736294400000, 1736294400000),
    (3, 9, 'AVAILABLE', 1000, 1736294400000, 1736294400000),
    (3, 10, 'AVAILABLE', 1000, 1736294400000, 1736294400000),

    (4, 1, 'AVAILABLE', 1000, 1736294400000, 1736294400000),
    (4, 2, 'AVAILABLE', 1000, 1736294400000, 1736294400000),
    (4, 3, 'AVAILABLE', 1000, 1736294400000, 1736294400000),
    (4, 4, 'AVAILABLE', 1000, 1736294400000, 1736294400000),
    (4, 5, 'AVAILABLE', 1000, 1736294400000, 1736294400000),
    (4, 6, 'AVAILABLE', 1000, 1736294400000, 1736294400000),
    (4, 7, 'AVAILABLE', 1000, 1736294400000, 1736294400000),
    (4, 8, 'AVAILABLE', 1000, 1736294400000, 1736294400000),
    (4, 9, 'AVAILABLE', 1000, 1736294400000, 1736294400000),
    (4, 10, 'AVAILABLE', 1000, 1736294400000, 1736294400000),

    (5, 1, 'AVAILABLE', 1000, 1736294400000, 1736294400000),
    (5, 2, 'AVAILABLE', 1000, 1736294400000, 1736294400000),
    (5, 3, 'AVAILABLE', 1000, 1736294400000, 1736294400000),
    (5, 4, 'AVAILABLE', 1000, 1736294400000, 1736294400000),
    (5, 5, 'AVAILABLE', 1000, 1736294400000, 1736294400000),
    (5, 6, 'AVAILABLE', 1000, 1736294400000, 1736294400000),
    (5, 7, 'AVAILABLE', 1000, 1736294400000, 1736294400000),
    (5, 8, 'AVAILABLE', 1000, 1736294400000, 1736294400000),
    (5, 9, 'AVAILABLE', 1000, 1736294400000, 1736294400000),
    (5, 10, 'AVAILABLE', 1000, 1736294400000, 1736294400000),

    (6, 1, 'AVAILABLE', 1000, 1736294400000, 1736294400000),
    (6, 2, 'AVAILABLE', 1000, 1736294400000, 1736294400000),
    (6, 3, 'AVAILABLE', 1000, 1736294400000, 1736294400000),
    (6, 4, 'AVAILABLE', 1000, 1736294400000, 1736294400000),
    (6, 5, 'AVAILABLE', 1000, 1736294400000, 1736294400000),
    (6, 6, 'AVAILABLE', 1000, 1736294400000, 1736294400000),
    (6, 7, 'AVAILABLE', 1000, 1736294400000, 1736294400000),
    (6, 8, 'AVAILABLE', 1000, 1736294400000, 1736294400000),
    (6, 9, 'AVAILABLE', 1000, 1736294400000, 1736294400000),
    (6, 10, 'AVAILABLE', 1000, 1736294400000, 1736294400000),

    (7, 1, 'AVAILABLE', 1000, 1736294400000, 1736294400000),
    (7, 2, 'AVAILABLE', 1000, 1736294400000, 1736294400000),
    (7, 3, 'AVAILABLE', 1000, 1736294400000, 1736294400000),
    (7, 4, 'AVAILABLE', 1000, 1736294400000, 1736294400000),
    (7, 5, 'AVAILABLE', 1000, 1736294400000, 1736294400000),
    (7, 6, 'AVAILABLE', 1000, 1736294400000, 1736294400000),
    (7, 7, 'AVAILABLE', 1000, 1736294400000, 1736294400000),
    (7, 8, 'AVAILABLE', 1000, 1736294400000, 1736294400000),
    (7, 9, 'AVAILABLE', 1000, 1736294400000, 1736294400000),
    (7, 10, 'AVAILABLE', 1000, 1736294400000, 1736294400000),

    (8, 1, 'AVAILABLE', 1000, 1736294400000, 1736294400000),
    (8, 2, 'AVAILABLE', 1000, 1736294400000, 1736294400000),
    (8, 3, 'AVAILABLE', 1000, 1736294400000, 1736294400000),
    (8, 4, 'AVAILABLE', 1000, 1736294400000, 1736294400000),
    (8, 5, 'AVAILABLE', 1000, 1736294400000, 1736294400000),
    (8, 6, 'AVAILABLE', 1000, 1736294400000, 1736294400000),
    (8, 7, 'AVAILABLE', 1000, 1736294400000, 1736294400000),
    (8, 8, 'AVAILABLE', 1000, 1736294400000, 1736294400000),
    (8, 9, 'AVAILABLE', 1000, 1736294400000, 1736294400000),
    (8, 10, 'AVAILABLE', 1000, 1736294400000, 1736294400000),

    (9, 1, 'AVAILABLE', 1000, 1736294400000, 1736294400000),
    (9, 2, 'AVAILABLE', 1000, 1736294400000, 1736294400000),
    (9, 3, 'AVAILABLE', 1000, 1736294400000, 1736294400000),
    (9, 4, 'AVAILABLE', 1000, 1736294400000, 1736294400000),
    (9, 5, 'AVAILABLE', 1000, 1736294400000, 1736294400000),
    (9, 6, 'AVAILABLE', 1000, 1736294400000, 1736294400000),
    (9, 7, 'AVAILABLE', 1000, 1736294400000, 1736294400000),
    (9, 8, 'AVAILABLE', 1000, 1736294400000, 1736294400000),
    (9, 9, 'AVAILABLE', 1000, 1736294400000, 1736294400000),
    (9, 10, 'AVAILABLE', 1000, 1736294400000, 1736294400000),

    (10, 1, 'AVAILABLE', 1000, 1736294400000, 1736294400000),
    (10, 2, 'AVAILABLE', 1000, 1736294400000, 1736294400000),
    (10, 3, 'AVAILABLE', 1000, 1736294400000, 1736294400000),
    (10, 4, 'AVAILABLE', 1000, 1736294400000, 1736294400000),
    (10, 5, 'AVAILABLE', 1000, 1736294400000, 1736294400000),
    (10, 6, 'AVAILABLE', 1000, 1736294400000, 1736294400000),
    (10, 7, 'AVAILABLE', 1000, 1736294400000, 1736294400000),
    (10, 8, 'AVAILABLE', 1000, 1736294400000, 1736294400000),
    (10, 9, 'AVAILABLE', 1000, 1736294400000, 1736294400000),
    (10, 10, 'AVAILABLE', 1000, 1736294400000, 1736294400000),

    (11, 1, 'AVAILABLE', 1000, 1736294400000, 1736294400000),
    (11, 2, 'AVAILABLE', 1000, 1736294400000, 1736294400000),
    (11, 3, 'AVAILABLE', 1000, 1736294400000, 1736294400000),
    (11, 4, 'AVAILABLE', 1000, 1736294400000, 1736294400000),
    (11, 5, 'AVAILABLE', 1000, 1736294400000, 1736294400000),
    (11, 6, 'AVAILABLE', 1000, 1736294400000, 1736294400000),
    (11, 7, 'AVAILABLE', 1000, 1736294400000, 1736294400000),
    (11, 8, 'AVAILABLE', 1000, 1736294400000, 1736294400000),
    (11, 9, 'AVAILABLE', 1000, 1736294400000, 1736294400000),
    (11, 10, 'AVAILABLE', 1000, 1736294400000, 1736294400000),

    (12, 1, 'AVAILABLE', 1000, 1736294400000, 1736294400000),
    (12, 2, 'AVAILABLE', 1000, 1736294400000, 1736294400000),
    (12, 3, 'AVAILABLE', 1000, 1736294400000, 1736294400000),
    (12, 4, 'AVAILABLE', 1000, 1736294400000, 1736294400000),
    (12, 5, 'AVAILABLE', 1000, 1736294400000, 1736294400000),
    (12, 6, 'AVAILABLE', 1000, 1736294400000, 1736294400000),
    (12, 7, 'AVAILABLE', 1000, 1736294400000, 1736294400000),
    (12, 8, 'AVAILABLE', 1000, 1736294400000, 1736294400000),
    (12, 9, 'AVAILABLE', 1000, 1736294400000, 1736294400000),
    (12, 10, 'AVAILABLE', 1000, 1736294400000, 1736294400000),

    -- schedule_id 13
    (13, 1, 'AVAILABLE', 1000, 1736294400000, 1736294400000),
    (13, 2, 'AVAILABLE', 1000, 1736294400000, 1736294400000),
    (13, 3, 'AVAILABLE', 1000, 1736294400000, 1736294400000),
    (13, 4, 'AVAILABLE', 1000, 1736294400000, 1736294400000),
    (13, 5, 'AVAILABLE', 1000, 1736294400000, 1736294400000),
    (13, 6, 'AVAILABLE', 1000, 1736294400000, 1736294400000),
    (13, 7, 'AVAILABLE', 1000, 1736294400000, 1736294400000),
    (13, 8, 'AVAILABLE', 1000, 1736294400000, 1736294400000),
    (13, 9, 'AVAILABLE', 1000, 1736294400000, 1736294400000),
    (13, 10, 'AVAILABLE', 1000, 1736294400000, 1736294400000),

    (14, 1, 'AVAILABLE', 1000, 1736294400000, 1736294400000),
    (14, 2, 'AVAILABLE', 1000, 1736294400000, 1736294400000),
    (14, 3, 'AVAILABLE', 1000, 1736294400000, 1736294400000),
    (14, 4, 'AVAILABLE', 1000, 1736294400000, 1736294400000),
    (14, 5, 'AVAILABLE', 1000, 1736294400000, 1736294400000),
    (14, 6, 'AVAILABLE', 1000, 1736294400000, 1736294400000),
    (14, 7, 'AVAILABLE', 1000, 1736294400000, 1736294400000),
    (14, 8, 'AVAILABLE', 1000, 1736294400000, 1736294400000),
    (14, 9, 'AVAILABLE', 1000, 1736294400000, 1736294400000),
    (14, 10, 'AVAILABLE', 1000, 1736294400000, 1736294400000),

    (15, 1, 'AVAILABLE', 1000, 1736294400000, 1736294400000),
    (15, 2, 'AVAILABLE', 1000, 1736294400000, 1736294400000),
    (15, 3, 'AVAILABLE', 1000, 1736294400000, 1736294400000),
    (15, 4, 'AVAILABLE', 1000, 1736294400000, 1736294400000),
    (15, 5, 'AVAILABLE', 1000, 1736294400000, 1736294400000),
    (15, 6, 'AVAILABLE', 1000, 1736294400000, 1736294400000),
    (15, 7, 'AVAILABLE', 1000, 1736294400000, 1736294400000),
    (15, 8, 'AVAILABLE', 1000, 1736294400000, 1736294400000),
    (15, 9, 'AVAILABLE', 1000, 1736294400000, 1736294400000),
    (15, 10, 'AVAILABLE', 1000, 1736294400000, 1736294400000),

    (16, 1, 'AVAILABLE', 1000, 1736294400000, 1736294400000),
    (16, 2, 'AVAILABLE', 1000, 1736294400000, 1736294400000),
    (16, 3, 'AVAILABLE', 1000, 1736294400000, 1736294400000),
    (16, 4, 'AVAILABLE', 1000, 1736294400000, 1736294400000),
    (16, 5, 'AVAILABLE', 1000, 1736294400000, 1736294400000),
    (16, 6, 'AVAILABLE', 1000, 1736294400000, 1736294400000),
    (16, 7, 'AVAILABLE', 1000, 1736294400000, 1736294400000),
    (16, 8, 'AVAILABLE', 1000, 1736294400000, 1736294400000),
    (16, 9, 'AVAILABLE', 1000, 1736294400000, 1736294400000),
    (16, 10, 'AVAILABLE', 1000, 1736294400000, 1736294400000),

    (17, 1, 'AVAILABLE', 1000, 1736294400000, 1736294400000),
    (17, 2, 'AVAILABLE', 1000, 1736294400000, 1736294400000),
    (17, 3, 'AVAILABLE', 1000, 1736294400000, 1736294400000),
    (17, 4, 'AVAILABLE', 1000, 1736294400000, 1736294400000),
    (17, 5, 'AVAILABLE', 1000, 1736294400000, 1736294400000),
    (17, 6, 'AVAILABLE', 1000, 1736294400000, 1736294400000),
    (17, 7, 'AVAILABLE', 1000, 1736294400000, 1736294400000),
    (17, 8, 'AVAILABLE', 1000, 1736294400000, 1736294400000),
    (17, 9, 'AVAILABLE', 1000, 1736294400000, 1736294400000),
    (17, 10, 'AVAILABLE', 1000, 1736294400000, 1736294400000),

    (18, 1, 'AVAILABLE', 1000, 1736294400000, 1736294400000),
    (18, 2, 'AVAILABLE', 1000, 1736294400000, 1736294400000),
    (18, 3, 'AVAILABLE', 1000, 1736294400000, 1736294400000),
    (18, 4, 'AVAILABLE', 1000, 1736294400000, 1736294400000),
    (18, 5, 'AVAILABLE', 1000, 1736294400000, 1736294400000),
    (18, 6, 'AVAILABLE', 1000, 1736294400000, 1736294400000),
    (18, 7, 'AVAILABLE', 1000, 1736294400000, 1736294400000),
    (18, 8, 'AVAILABLE', 1000, 1736294400000, 1736294400000),
    (18, 9, 'AVAILABLE', 1000, 1736294400000, 1736294400000),
    (18, 10, 'AVAILABLE', 1000, 1736294400000, 1736294400000),

    (19, 1, 'AVAILABLE', 1000, 1736294400000, 1736294400000),
    (19, 2, 'AVAILABLE', 1000, 1736294400000, 1736294400000),
    (19, 3, 'AVAILABLE', 1000, 1736294400000, 1736294400000),
    (19, 4, 'AVAILABLE', 1000, 1736294400000, 1736294400000),
    (19, 5, 'AVAILABLE', 1000, 1736294400000, 1736294400000),
    (19, 6, 'AVAILABLE', 1000, 1736294400000, 1736294400000),
    (19, 7, 'AVAILABLE', 1000, 1736294400000, 1736294400000),
    (19, 8, 'AVAILABLE', 1000, 1736294400000, 1736294400000),
    (19, 9, 'AVAILABLE', 1000, 1736294400000, 1736294400000),
    (19, 10, 'AVAILABLE', 1000, 1736294400000, 1736294400000),

    (20, 1, 'AVAILABLE', 1000, 1736294400000, 1736294400000),
    (20, 2, 'AVAILABLE', 1000, 1736294400000, 1736294400000),
    (20, 3, 'AVAILABLE', 1000, 1736294400000, 1736294400000),
    (20, 4, 'AVAILABLE', 1000, 1736294400000, 1736294400000),
    (20, 5, 'AVAILABLE', 1000, 1736294400000, 1736294400000),
    (20, 6, 'AVAILABLE', 1000, 1736294400000, 1736294400000),
    (20, 7, 'AVAILABLE', 1000, 1736294400000, 1736294400000),
    (20, 8, 'AVAILABLE', 1000, 1736294400000, 1736294400000),
    (20, 9, 'AVAILABLE', 1000, 1736294400000, 1736294400000),
    (20, 10, 'AVAILABLE', 1000, 1736294400000, 1736294400000),

    (21, 1, 'AVAILABLE', 1000, 1736294400000, 1736294400000),
    (21, 2, 'AVAILABLE', 1000, 1736294400000, 1736294400000),
    (21, 3, 'AVAILABLE', 1000, 1736294400000, 1736294400000),
    (21, 4, 'AVAILABLE', 1000, 1736294400000, 1736294400000),
    (21, 5, 'AVAILABLE', 1000, 1736294400000, 1736294400000),
    (21, 6, 'AVAILABLE', 1000, 1736294400000, 1736294400000),
    (21, 7, 'AVAILABLE', 1000, 1736294400000, 1736294400000),
    (21, 8, 'AVAILABLE', 1000, 1736294400000, 1736294400000),
    (21, 9, 'AVAILABLE', 1000, 1736294400000, 1736294400000),
    (21, 10, 'AVAILABLE', 1000, 1736294400000, 1736294400000),

    (22, 1, 'AVAILABLE', 1000, 1736294400000, 1736294400000),
    (22, 2, 'AVAILABLE', 1000, 1736294400000, 1736294400000),
    (22, 3, 'AVAILABLE', 1000, 1736294400000, 1736294400000),
    (22, 4, 'AVAILABLE', 1000, 1736294400000, 1736294400000),
    (22, 5, 'AVAILABLE', 1000, 1736294400000, 1736294400000),
    (22, 6, 'AVAILABLE', 1000, 1736294400000, 1736294400000),
    (22, 7, 'AVAILABLE', 1000, 1736294400000, 1736294400000),
    (22, 8, 'AVAILABLE', 1000, 1736294400000, 1736294400000),
    (22, 9, 'AVAILABLE', 1000, 1736294400000, 1736294400000),
    (22, 10, 'AVAILABLE', 1000, 1736294400000, 1736294400000),

    (23, 1, 'AVAILABLE', 1000, 1736294400000, 1736294400000),
    (23, 2, 'AVAILABLE', 1000, 1736294400000, 1736294400000),
    (23, 3, 'AVAILABLE', 1000, 1736294400000, 1736294400000),
    (23, 4, 'AVAILABLE', 1000, 1736294400000, 1736294400000),
    (23, 5, 'AVAILABLE', 1000, 1736294400000, 1736294400000),
    (23, 6, 'AVAILABLE', 1000, 1736294400000, 1736294400000),
    (23, 7, 'AVAILABLE', 1000, 1736294400000, 1736294400000),
    (23, 8, 'AVAILABLE', 1000, 1736294400000, 1736294400000),
    (23, 9, 'AVAILABLE', 1000, 1736294400000, 1736294400000),
    (23, 10, 'AVAILABLE', 1000, 1736294400000, 1736294400000),

    (24, 1, 'AVAILABLE', 1000, 1736294400000, 1736294400000),
    (24, 2, 'AVAILABLE', 1000, 1736294400000, 1736294400000),
    (24, 3, 'AVAILABLE', 1000, 1736294400000, 1736294400000),
    (24, 4, 'AVAILABLE', 1000, 1736294400000, 1736294400000),
    (24, 5, 'AVAILABLE', 1000, 1736294400000, 1736294400000),
    (24, 6, 'AVAILABLE', 1000, 1736294400000, 1736294400000),
    (24, 7, 'AVAILABLE', 1000, 1736294400000, 1736294400000),
    (24, 8, 'AVAILABLE', 1000, 1736294400000, 1736294400000),
    (24, 9, 'AVAILABLE', 1000, 1736294400000, 1736294400000),
    (24, 10, 'AVAILABLE', 1000, 1736294400000, 1736294400000),

    (25, 1, 'AVAILABLE', 1000, 1736294400000, 1736294400000),
    (25, 2, 'AVAILABLE', 1000, 1736294400000, 1736294400000),
    (25, 3, 'AVAILABLE', 1000, 1736294400000, 1736294400000),
    (25, 4, 'AVAILABLE', 1000, 1736294400000, 1736294400000),
    (25, 5, 'AVAILABLE', 1000, 1736294400000, 1736294400000),
    (25, 6, 'AVAILABLE', 1000, 1736294400000, 1736294400000),
    (25, 7, 'AVAILABLE', 1000, 1736294400000, 1736294400000),
    (25, 8, 'AVAILABLE', 1000, 1736294400000, 1736294400000),
    (25, 9, 'AVAILABLE', 1000, 1736294400000, 1736294400000),
    (25, 10, 'AVAILABLE', 1000, 1736294400000, 1736294400000),

    (26, 1, 'AVAILABLE', 1000, 1736294400000, 1736294400000),
    (26, 2, 'AVAILABLE', 1000, 1736294400000, 1736294400000),
    (26, 3, 'AVAILABLE', 1000, 1736294400000, 1736294400000),
    (26, 4, 'AVAILABLE', 1000, 1736294400000, 1736294400000),
    (26, 5, 'AVAILABLE', 1000, 1736294400000, 1736294400000),
    (26, 6, 'AVAILABLE', 1000, 1736294400000, 1736294400000),
    (26, 7, 'AVAILABLE', 1000, 1736294400000, 1736294400000),
    (26, 8, 'AVAILABLE', 1000, 1736294400000, 1736294400000),
    (26, 9, 'AVAILABLE', 1000, 1736294400000, 1736294400000),
    (26, 10, 'AVAILABLE', 1000, 1736294400000, 1736294400000),

    (27, 1, 'AVAILABLE', 1000, 1736294400000, 1736294400000),
    (27, 2, 'AVAILABLE', 1000, 1736294400000, 1736294400000),
    (27, 3, 'AVAILABLE', 1000, 1736294400000, 1736294400000),
    (27, 4, 'AVAILABLE', 1000, 1736294400000, 1736294400000),
    (27, 5, 'AVAILABLE', 1000, 1736294400000, 1736294400000),
    (27, 6, 'AVAILABLE', 1000, 1736294400000, 1736294400000),
    (27, 7, 'AVAILABLE', 1000, 1736294400000, 1736294400000),
    (27, 8, 'AVAILABLE', 1000, 1736294400000, 1736294400000),
    (27, 9, 'AVAILABLE', 1000, 1736294400000, 1736294400000),
    (27, 10, 'AVAILABLE', 1000, 1736294400000, 1736294400000),

    (28, 1, 'AVAILABLE', 1000, 1736294400000, 1736294400000),
    (28, 2, 'AVAILABLE', 1000, 1736294400000, 1736294400000),
    (28, 3, 'AVAILABLE', 1000, 1736294400000, 1736294400000),
    (28, 4, 'AVAILABLE', 1000, 1736294400000, 1736294400000),
    (28, 5, 'AVAILABLE', 1000, 1736294400000, 1736294400000),
    (28, 6, 'AVAILABLE', 1000, 1736294400000, 1736294400000),
    (28, 7, 'AVAILABLE', 1000, 1736294400000, 1736294400000),
    (28, 8, 'AVAILABLE', 1000, 1736294400000, 1736294400000),
    (28, 9, 'AVAILABLE', 1000, 1736294400000, 1736294400000),
    (28, 10, 'AVAILABLE', 1000, 1736294400000, 1736294400000),

    (29, 1, 'AVAILABLE', 1000, 1736294400000, 1736294400000),
    (29, 2, 'AVAILABLE', 1000, 1736294400000, 1736294400000),
    (29, 3, 'AVAILABLE', 1000, 1736294400000, 1736294400000),
    (29, 4, 'AVAILABLE', 1000, 1736294400000, 1736294400000),
    (29, 5, 'AVAILABLE', 1000, 1736294400000, 1736294400000),
    (29, 6, 'AVAILABLE', 1000, 1736294400000, 1736294400000),
    (29, 7, 'AVAILABLE', 1000, 1736294400000, 1736294400000),
    (29, 8, 'AVAILABLE', 1000, 1736294400000, 1736294400000),
    (29, 9, 'AVAILABLE', 1000, 1736294400000, 1736294400000),
    (29, 10, 'AVAILABLE', 1000, 1736294400000, 1736294400000),

    (30, 1, 'AVAILABLE', 1000, 1736294400000, 1736294400000),
    (30, 2, 'AVAILABLE', 1000, 1736294400000, 1736294400000),
    (30, 3, 'AVAILABLE', 1000, 1736294400000, 1736294400000),
    (30, 4, 'AVAILABLE', 1000, 1736294400000, 1736294400000),
    (30, 5, 'AVAILABLE', 1000, 1736294400000, 1736294400000),
    (30, 6, 'AVAILABLE', 1000, 1736294400000, 1736294400000),
    (30, 7, 'AVAILABLE', 1000, 1736294400000, 1736294400000),
    (30, 8, 'AVAILABLE', 1000, 1736294400000, 1736294400000),
    (30, 9, 'AVAILABLE', 1000, 1736294400000, 1736294400000),
    (30, 10, 'AVAILABLE', 1000, 1736294400000, 1736294400000),

    (31, 1, 'AVAILABLE', 1000, 1736294400000, 1736294400000),
    (31, 2, 'AVAILABLE', 1000, 1736294400000, 1736294400000),
    (31, 3, 'AVAILABLE', 1000, 1736294400000, 1736294400000),
    (31, 4, 'AVAILABLE', 1000, 1736294400000, 1736294400000),
    (31, 5, 'AVAILABLE', 1000, 1736294400000, 1736294400000),
    (31, 6, 'AVAILABLE', 1000, 1736294400000, 1736294400000),
    (31, 7, 'AVAILABLE', 1000, 1736294400000, 1736294400000),
    (31, 8, 'AVAILABLE', 1000, 1736294400000, 1736294400000),
    (31, 9, 'AVAILABLE', 1000, 1736294400000, 1736294400000),
    (31, 10, 'AVAILABLE', 1000, 1736294400000, 1736294400000),

    (32, 1, 'AVAILABLE', 1000, 1736294400000, 1736294400000),
    (32, 2, 'AVAILABLE', 1000, 1736294400000, 1736294400000),
    (32, 3, 'AVAILABLE', 1000, 1736294400000, 1736294400000),
    (32, 4, 'AVAILABLE', 1000, 1736294400000, 1736294400000),
    (32, 5, 'AVAILABLE', 1000, 1736294400000, 1736294400000),
    (32, 6, 'AVAILABLE', 1000, 1736294400000, 1736294400000),
    (32, 7, 'AVAILABLE', 1000, 1736294400000, 1736294400000),
    (32, 8, 'AVAILABLE', 1000, 1736294400000, 1736294400000),
    (32, 9, 'AVAILABLE', 1000, 1736294400000, 1736294400000),
    (32, 10, 'AVAILABLE', 1000, 1736294400000, 1736294400000),

    (33, 1, 'AVAILABLE', 1000, 1736294400000, 1736294400000),
    (33, 2, 'AVAILABLE', 1000, 1736294400000, 1736294400000),
    (33, 3, 'AVAILABLE', 1000, 1736294400000, 1736294400000),
    (33, 4, 'AVAILABLE', 1000, 1736294400000, 1736294400000),
    (33, 5, 'AVAILABLE', 1000, 1736294400000, 1736294400000),
    (33, 6, 'AVAILABLE', 1000, 1736294400000, 1736294400000),
    (33, 7, 'AVAILABLE', 1000, 1736294400000, 1736294400000),
    (33, 8, 'AVAILABLE', 1000, 1736294400000, 1736294400000),
    (33, 9, 'AVAILABLE', 1000, 1736294400000, 1736294400000),
    (33, 10, 'AVAILABLE', 1000, 1736294400000, 1736294400000),

    (34, 1, 'AVAILABLE', 1000, 1736294400000, 1736294400000),
    (34, 2, 'AVAILABLE', 1000, 1736294400000, 1736294400000),
    (34, 3, 'AVAILABLE', 1000, 1736294400000, 1736294400000),
    (34, 4, 'AVAILABLE', 1000, 1736294400000, 1736294400000),
    (34, 5, 'AVAILABLE', 1000, 1736294400000, 1736294400000),
    (34, 6, 'AVAILABLE', 1000, 1736294400000, 1736294400000),
    (34, 7, 'AVAILABLE', 1000, 1736294400000, 1736294400000),
    (34, 8, 'AVAILABLE', 1000, 1736294400000, 1736294400000),
    (34, 9, 'AVAILABLE', 1000, 1736294400000, 1736294400000),
    (34, 10, 'AVAILABLE', 1000, 1736294400000, 1736294400000),

    (35, 1, 'AVAILABLE', 1000, 1736294400000, 1736294400000),
    (35, 2, 'AVAILABLE', 1000, 1736294400000, 1736294400000),
    (35, 3, 'AVAILABLE', 1000, 1736294400000, 1736294400000),
    (35, 4, 'AVAILABLE', 1000, 1736294400000, 1736294400000),
    (35, 5, 'AVAILABLE', 1000, 1736294400000, 1736294400000),
    (35, 6, 'AVAILABLE', 1000, 1736294400000, 1736294400000),
    (35, 7, 'AVAILABLE', 1000, 1736294400000, 1736294400000),
    (35, 8, 'AVAILABLE', 1000, 1736294400000, 1736294400000),
    (35, 9, 'AVAILABLE', 1000, 1736294400000, 1736294400000),
    (35, 10, 'AVAILABLE', 1000, 1736294400000, 1736294400000),

    (36, 1, 'AVAILABLE', 1000, 1736294400000, 1736294400000),
    (36, 2, 'AVAILABLE', 1000, 1736294400000, 1736294400000),
    (36, 3, 'AVAILABLE', 1000, 1736294400000, 1736294400000),
    (36, 4, 'AVAILABLE', 1000, 1736294400000, 1736294400000),
    (36, 5, 'AVAILABLE', 1000, 1736294400000, 1736294400000),
    (36, 6, 'AVAILABLE', 1000, 1736294400000, 1736294400000),
    (36, 7, 'AVAILABLE', 1000, 1736294400000, 1736294400000),
    (36, 8, 'AVAILABLE', 1000, 1736294400000, 1736294400000),
    (36, 9, 'AVAILABLE', 1000, 1736294400000, 1736294400000),
    (36, 10, 'AVAILABLE', 1000, 1736294400000, 1736294400000),

    (37, 1, 'AVAILABLE', 1000, 1736294400000, 1736294400000),
    (37, 2, 'AVAILABLE', 1000, 1736294400000, 1736294400000),
    (37, 3, 'AVAILABLE', 1000, 1736294400000, 1736294400000),
    (37, 4, 'AVAILABLE', 1000, 1736294400000, 1736294400000),
    (37, 5, 'AVAILABLE', 1000, 1736294400000, 1736294400000),
    (37, 6, 'AVAILABLE', 1000, 1736294400000, 1736294400000),
    (37, 7, 'AVAILABLE', 1000, 1736294400000, 1736294400000),
    (37, 8, 'AVAILABLE', 1000, 1736294400000, 1736294400000),
    (37, 9, 'AVAILABLE', 1000, 1736294400000, 1736294400000),
    (37, 10, 'AVAILABLE', 1000, 1736294400000, 1736294400000),

    (38, 1, 'AVAILABLE', 1000, 1736294400000, 1736294400000),
    (38, 2, 'AVAILABLE', 1000, 1736294400000, 1736294400000),
    (38, 3, 'AVAILABLE', 1000, 1736294400000, 1736294400000),
    (38, 4, 'AVAILABLE', 1000, 1736294400000, 1736294400000),
    (38, 5, 'AVAILABLE', 1000, 1736294400000, 1736294400000),
    (38, 6, 'AVAILABLE', 1000, 1736294400000, 1736294400000),
    (38, 7, 'AVAILABLE', 1000, 1736294400000, 1736294400000),
    (38, 8, 'AVAILABLE', 1000, 1736294400000, 1736294400000),
    (38, 9, 'AVAILABLE', 1000, 1736294400000, 1736294400000),
    (38, 10, 'AVAILABLE', 1000, 1736294400000, 1736294400000),

    (39, 1, 'AVAILABLE', 1000, 1736294400000, 1736294400000),
    (39, 2, 'AVAILABLE', 1000, 1736294400000, 1736294400000),
    (39, 3, 'AVAILABLE', 1000, 1736294400000, 1736294400000),
    (39, 4, 'AVAILABLE', 1000, 1736294400000, 1736294400000),
    (39, 5, 'AVAILABLE', 1000, 1736294400000, 1736294400000),
    (39, 6, 'AVAILABLE', 1000, 1736294400000, 1736294400000),
    (39, 7, 'AVAILABLE', 1000, 1736294400000, 1736294400000),
    (39, 8, 'AVAILABLE', 1000, 1736294400000, 1736294400000),
    (39, 9, 'AVAILABLE', 1000, 1736294400000, 1736294400000),
    (39, 10, 'AVAILABLE', 1000, 1736294400000, 1736294400000),

    (40, 1, 'AVAILABLE', 1000, 1736294400000, 1736294400000),
    (40, 2, 'AVAILABLE', 1000, 1736294400000, 1736294400000),
    (40, 3, 'AVAILABLE', 1000, 1736294400000, 1736294400000),
    (40, 4, 'AVAILABLE', 1000, 1736294400000, 1736294400000),
    (40, 5, 'AVAILABLE', 1000, 1736294400000, 1736294400000),
    (40, 6, 'AVAILABLE', 1000, 1736294400000, 1736294400000),
    (40, 7, 'AVAILABLE', 1000, 1736294400000, 1736294400000),
    (40, 8, 'AVAILABLE', 1000, 1736294400000, 1736294400000),
    (40, 9, 'AVAILABLE', 1000, 1736294400000, 1736294400000),
    (40, 10, 'AVAILABLE', 1000, 1736294400000, 1736294400000),

    (41, 1, 'AVAILABLE', 1000, 1736294400000, 1736294400000),
    (41, 2, 'AVAILABLE', 1000, 1736294400000, 1736294400000),
    (41, 3, 'AVAILABLE', 1000, 1736294400000, 1736294400000),
    (41, 4, 'AVAILABLE', 1000, 1736294400000, 1736294400000),
    (41, 5, 'AVAILABLE', 1000, 1736294400000, 1736294400000),
    (41, 6, 'AVAILABLE', 1000, 1736294400000, 1736294400000),
    (41, 7, 'AVAILABLE', 1000, 1736294400000, 1736294400000),
    (41, 8, 'AVAILABLE', 1000, 1736294400000, 1736294400000),
    (41, 9, 'AVAILABLE', 1000, 1736294400000, 1736294400000),
    (41, 10, 'AVAILABLE', 1000, 1736294400000, 1736294400000),

    (42, 1, 'AVAILABLE', 1000, 1736294400000, 1736294400000),
    (42, 2, 'AVAILABLE', 1000, 1736294400000, 1736294400000),
    (42, 3, 'AVAILABLE', 1000, 1736294400000, 1736294400000),
    (42, 4, 'AVAILABLE', 1000, 1736294400000, 1736294400000),
    (42, 5, 'AVAILABLE', 1000, 1736294400000, 1736294400000),
    (42, 6, 'AVAILABLE', 1000, 1736294400000, 1736294400000),
    (42, 7, 'AVAILABLE', 1000, 1736294400000, 1736294400000),
    (42, 8, 'AVAILABLE', 1000, 1736294400000, 1736294400000),
    (42, 9, 'AVAILABLE', 1000, 1736294400000, 1736294400000),
    (42, 10, 'AVAILABLE', 1000, 1736294400000, 1736294400000),

    (43, 1, 'AVAILABLE', 1000, 1736294400000, 1736294400000),
    (43, 2, 'AVAILABLE', 1000, 1736294400000, 1736294400000),
    (43, 3, 'AVAILABLE', 1000, 1736294400000, 1736294400000),
    (43, 4, 'AVAILABLE', 1000, 1736294400000, 1736294400000),
    (43, 5, 'AVAILABLE', 1000, 1736294400000, 1736294400000),
    (43, 6, 'AVAILABLE', 1000, 1736294400000, 1736294400000),
    (43, 7, 'AVAILABLE', 1000, 1736294400000, 1736294400000),
    (43, 8, 'AVAILABLE', 1000, 1736294400000, 1736294400000),
    (43, 9, 'AVAILABLE', 1000, 1736294400000, 1736294400000),
    (43, 10, 'AVAILABLE', 1000, 1736294400000, 1736294400000),

    (44, 1, 'AVAILABLE', 1000, 1736294400000, 1736294400000),
    (44, 2, 'AVAILABLE', 1000, 1736294400000, 1736294400000),
    (44, 3, 'AVAILABLE', 1000, 1736294400000, 1736294400000),
    (44, 4, 'AVAILABLE', 1000, 1736294400000, 1736294400000),
    (44, 5, 'AVAILABLE', 1000, 1736294400000, 1736294400000),
    (44, 6, 'AVAILABLE', 1000, 1736294400000, 1736294400000),
    (44, 7, 'AVAILABLE', 1000, 1736294400000, 1736294400000),
    (44, 8, 'AVAILABLE', 1000, 1736294400000, 1736294400000),
    (44, 9, 'AVAILABLE', 1000, 1736294400000, 1736294400000),
    (44, 10, 'AVAILABLE', 1000, 1736294400000, 1736294400000),

    (45, 1, 'AVAILABLE', 1000, 1736294400000, 1736294400000),
    (45, 2, 'AVAILABLE', 1000, 1736294400000, 1736294400000),
    (45, 3, 'AVAILABLE', 1000, 1736294400000, 1736294400000),
    (45, 4, 'AVAILABLE', 1000, 1736294400000, 1736294400000),
    (45, 5, 'AVAILABLE', 1000, 1736294400000, 1736294400000),
    (45, 6, 'AVAILABLE', 1000, 1736294400000, 1736294400000),
    (45, 7, 'AVAILABLE', 1000, 1736294400000, 1736294400000),
    (45, 8, 'AVAILABLE', 1000, 1736294400000, 1736294400000),
    (45, 9, 'AVAILABLE', 1000, 1736294400000, 1736294400000),
    (45, 10, 'AVAILABLE', 1000, 1736294400000, 1736294400000),

    (46, 1, 'AVAILABLE', 1000, 1736294400000, 1736294400000),
    (46, 2, 'AVAILABLE', 1000, 1736294400000, 1736294400000),
    (46, 3, 'AVAILABLE', 1000, 1736294400000, 1736294400000),
    (46, 4, 'AVAILABLE', 1000, 1736294400000, 1736294400000),
    (46, 5, 'AVAILABLE', 1000, 1736294400000, 1736294400000),
    (46, 6, 'AVAILABLE', 1000, 1736294400000, 1736294400000),
    (46, 7, 'AVAILABLE', 1000, 1736294400000, 1736294400000),
    (46, 8, 'AVAILABLE', 1000, 1736294400000, 1736294400000),
    (46, 9, 'AVAILABLE', 1000, 1736294400000, 1736294400000),
    (46, 10, 'AVAILABLE', 1000, 1736294400000, 1736294400000),

    (47, 1, 'AVAILABLE', 1000, 1736294400000, 1736294400000),
    (47, 2, 'AVAILABLE', 1000, 1736294400000, 1736294400000),
    (47, 3, 'AVAILABLE', 1000, 1736294400000, 1736294400000),
    (47, 4, 'AVAILABLE', 1000, 1736294400000, 1736294400000),
    (47, 5, 'AVAILABLE', 1000, 1736294400000, 1736294400000),
    (47, 6, 'AVAILABLE', 1000, 1736294400000, 1736294400000),
    (47, 7, 'AVAILABLE', 1000, 1736294400000, 1736294400000),
    (47, 8, 'AVAILABLE', 1000, 1736294400000, 1736294400000),
    (47, 9, 'AVAILABLE', 1000, 1736294400000, 1736294400000),
    (47, 10, 'AVAILABLE', 1000, 1736294400000, 1736294400000),

    (48, 1, 'AVAILABLE', 1000, 1736294400000, 1736294400000),
    (48, 2, 'AVAILABLE', 1000, 1736294400000, 1736294400000),
    (48, 3, 'AVAILABLE', 1000, 1736294400000, 1736294400000),
    (48, 4, 'AVAILABLE', 1000, 1736294400000, 1736294400000),
    (48, 5, 'AVAILABLE', 1000, 1736294400000, 1736294400000),
    (48, 6, 'AVAILABLE', 1000, 1736294400000, 1736294400000),
    (48, 7, 'AVAILABLE', 1000, 1736294400000, 1736294400000),
    (48, 8, 'AVAILABLE', 1000, 1736294400000, 1736294400000),
    (48, 9, 'AVAILABLE', 1000, 1736294400000, 1736294400000),
    (48, 10, 'AVAILABLE', 1000, 1736294400000, 1736294400000),

    (49, 1, 'AVAILABLE', 1000, 1736294400000, 1736294400000),
    (49, 2, 'AVAILABLE', 1000, 1736294400000, 1736294400000),
    (49, 3, 'AVAILABLE', 1000, 1736294400000, 1736294400000),
    (49, 4, 'AVAILABLE', 1000, 1736294400000, 1736294400000),
    (49, 5, 'AVAILABLE', 1000, 1736294400000, 1736294400000),
    (49, 6, 'AVAILABLE', 1000, 1736294400000, 1736294400000),
    (49, 7, 'AVAILABLE', 1000, 1736294400000, 1736294400000),
    (49, 8, 'AVAILABLE', 1000, 1736294400000, 1736294400000),
    (49, 9, 'AVAILABLE', 1000, 1736294400000, 1736294400000),
    (49, 10, 'AVAILABLE', 1000, 1736294400000, 1736294400000),

    (50, 1, 'AVAILABLE', 1000, 1736294400000, 1736294400000),
    (50, 2, 'AVAILABLE', 1000, 1736294400000, 1736294400000),
    (50, 3, 'AVAILABLE', 1000, 1736294400000, 1736294400000),
    (50, 4, 'AVAILABLE', 1000, 1736294400000, 1736294400000),
    (50, 5, 'AVAILABLE', 1000, 1736294400000, 1736294400000),
    (50, 6, 'AVAILABLE', 1000, 1736294400000, 1736294400000),
    (50, 7, 'AVAILABLE', 1000, 1736294400000, 1736294400000),
    (50, 8, 'AVAILABLE', 1000, 1736294400000, 1736294400000),
    (50, 9, 'AVAILABLE', 1000, 1736294400000, 1736294400000),
    (50, 10, 'AVAILABLE', 1000, 1736294400000, 1736294400000),

    (51, 1, 'AVAILABLE', 1000, 1736294400000, 1736294400000),
    (51, 2, 'AVAILABLE', 1000, 1736294400000, 1736294400000),
    (51, 3, 'AVAILABLE', 1000, 1736294400000, 1736294400000),
    (51, 4, 'AVAILABLE', 1000, 1736294400000, 1736294400000),
    (51, 5, 'AVAILABLE', 1000, 1736294400000, 1736294400000),
    (51, 6, 'AVAILABLE', 1000, 1736294400000, 1736294400000),
    (51, 7, 'AVAILABLE', 1000, 1736294400000, 1736294400000),
    (51, 8, 'AVAILABLE', 1000, 1736294400000, 1736294400000),
    (51, 9, 'AVAILABLE', 1000, 1736294400000, 1736294400000),
    (51, 10, 'AVAILABLE', 1000, 1736294400000, 1736294400000),

    (52, 1, 'AVAILABLE', 1000, 1736294400000, 1736294400000),
    (52, 2, 'AVAILABLE', 1000, 1736294400000, 1736294400000),
    (52, 3, 'AVAILABLE', 1000, 1736294400000, 1736294400000),
    (52, 4, 'AVAILABLE', 1000, 1736294400000, 1736294400000),
    (52, 5, 'AVAILABLE', 1000, 1736294400000, 1736294400000),
    (52, 6, 'AVAILABLE', 1000, 1736294400000, 1736294400000),
    (52, 7, 'AVAILABLE', 1000, 1736294400000, 1736294400000),
    (52, 8, 'AVAILABLE', 1000, 1736294400000, 1736294400000),
    (52, 9, 'AVAILABLE', 1000, 1736294400000, 1736294400000),
    (52, 10, 'AVAILABLE', 1000, 1736294400000, 1736294400000),

    (53, 1, 'AVAILABLE', 1000, 1736294400000, 1736294400000),
    (53, 2, 'AVAILABLE', 1000, 1736294400000, 1736294400000),
    (53, 3, 'AVAILABLE', 1000, 1736294400000, 1736294400000),
    (53, 4, 'AVAILABLE', 1000, 1736294400000, 1736294400000),
    (53, 5, 'AVAILABLE', 1000, 1736294400000, 1736294400000),
    (53, 6, 'AVAILABLE', 1000, 1736294400000, 1736294400000),
    (53, 7, 'AVAILABLE', 1000, 1736294400000, 1736294400000),
    (53, 8, 'AVAILABLE', 1000, 1736294400000, 1736294400000),
    (53, 9, 'AVAILABLE', 1000, 1736294400000, 1736294400000),
    (53, 10, 'AVAILABLE', 1000, 1736294400000, 1736294400000),

    (54, 1, 'AVAILABLE', 1000, 1736294400000, 1736294400000),
    (54, 2, 'AVAILABLE', 1000, 1736294400000, 1736294400000),
    (54, 3, 'AVAILABLE', 1000, 1736294400000, 1736294400000),
    (54, 4, 'AVAILABLE', 1000, 1736294400000, 1736294400000),
    (54, 5, 'AVAILABLE', 1000, 1736294400000, 1736294400000),
    (54, 6, 'AVAILABLE', 1000, 1736294400000, 1736294400000),
    (54, 7, 'AVAILABLE', 1000, 1736294400000, 1736294400000),
    (54, 8, 'AVAILABLE', 1000, 1736294400000, 1736294400000),
    (54, 9, 'AVAILABLE', 1000, 1736294400000, 1736294400000),
    (54, 10, 'AVAILABLE', 1000, 1736294400000, 1736294400000),

    (55, 1, 'AVAILABLE', 1000, 1736294400000, 1736294400000),
    (55, 2, 'AVAILABLE', 1000, 1736294400000, 1736294400000),
    (55, 3, 'AVAILABLE', 1000, 1736294400000, 1736294400000),
    (55, 4, 'AVAILABLE', 1000, 1736294400000, 1736294400000),
    (55, 5, 'AVAILABLE', 1000, 1736294400000, 1736294400000),
    (55, 6, 'AVAILABLE', 1000, 1736294400000, 1736294400000),
    (55, 7, 'AVAILABLE', 1000, 1736294400000, 1736294400000),
    (55, 8, 'AVAILABLE', 1000, 1736294400000, 1736294400000),
    (55, 9, 'AVAILABLE', 1000, 1736294400000, 1736294400000),
    (55, 10, 'AVAILABLE', 1000, 1736294400000, 1736294400000),

    (56, 1, 'AVAILABLE', 1000, 1736294400000, 1736294400000),
    (56, 2, 'AVAILABLE', 1000, 1736294400000, 1736294400000),
    (56, 3, 'AVAILABLE', 1000, 1736294400000, 1736294400000),
    (56, 4, 'AVAILABLE', 1000, 1736294400000, 1736294400000),
    (56, 5, 'AVAILABLE', 1000, 1736294400000, 1736294400000),
    (56, 6, 'AVAILABLE', 1000, 1736294400000, 1736294400000),
    (56, 7, 'AVAILABLE', 1000, 1736294400000, 1736294400000),
    (56, 8, 'AVAILABLE', 1000, 1736294400000, 1736294400000),
    (56, 9, 'AVAILABLE', 1000, 1736294400000, 1736294400000),
    (56, 10, 'AVAILABLE', 1000, 1736294400000, 1736294400000),

    (57, 1, 'AVAILABLE', 1000, 1736294400000, 1736294400000),
    (57, 2, 'AVAILABLE', 1000, 1736294400000, 1736294400000),
    (57, 3, 'AVAILABLE', 1000, 1736294400000, 1736294400000),
    (57, 4, 'AVAILABLE', 1000, 1736294400000, 1736294400000),
    (57, 5, 'AVAILABLE', 1000, 1736294400000, 1736294400000),
    (57, 6, 'AVAILABLE', 1000, 1736294400000, 1736294400000),
    (57, 7, 'AVAILABLE', 1000, 1736294400000, 1736294400000),
    (57, 8, 'AVAILABLE', 1000, 1736294400000, 1736294400000),
    (57, 9, 'AVAILABLE', 1000, 1736294400000, 1736294400000),
    (57, 10, 'AVAILABLE', 1000, 1736294400000, 1736294400000),

    (58, 1, 'AVAILABLE', 1000, 1736294400000, 1736294400000),
    (58, 2, 'AVAILABLE', 1000, 1736294400000, 1736294400000),
    (58, 3, 'AVAILABLE', 1000, 1736294400000, 1736294400000),
    (58, 4, 'AVAILABLE', 1000, 1736294400000, 1736294400000),
    (58, 5, 'AVAILABLE', 1000, 1736294400000, 1736294400000),
    (58, 6, 'AVAILABLE', 1000, 1736294400000, 1736294400000),
    (58, 7, 'AVAILABLE', 1000, 1736294400000, 1736294400000),
    (58, 8, 'AVAILABLE', 1000, 1736294400000, 1736294400000),
    (58, 9, 'AVAILABLE', 1000, 1736294400000, 1736294400000),
    (58, 10, 'AVAILABLE', 1000, 1736294400000, 1736294400000),

    (59, 1, 'AVAILABLE', 1000, 1736294400000, 1736294400000),
    (59, 2, 'AVAILABLE', 1000, 1736294400000, 1736294400000),
    (59, 3, 'AVAILABLE', 1000, 1736294400000, 1736294400000),
    (59, 4, 'AVAILABLE', 1000, 1736294400000, 1736294400000),
    (59, 5, 'AVAILABLE', 1000, 1736294400000, 1736294400000),
    (59, 6, 'AVAILABLE', 1000, 1736294400000, 1736294400000),
    (59, 7, 'AVAILABLE', 1000, 1736294400000, 1736294400000),
    (59, 8, 'AVAILABLE', 1000, 1736294400000, 1736294400000),
    (59, 9, 'AVAILABLE', 1000, 1736294400000, 1736294400000),
    (59, 10, 'AVAILABLE', 1000, 1736294400000, 1736294400000),

    (60, 1, 'AVAILABLE', 1000, 1736294400000, 1736294400000),
    (60, 2, 'AVAILABLE', 1000, 1736294400000, 1736294400000),
    (60, 3, 'AVAILABLE', 1000, 1736294400000, 1736294400000),
    (60, 4, 'AVAILABLE', 1000, 1736294400000, 1736294400000),
    (60, 5, 'AVAILABLE', 1000, 1736294400000, 1736294400000),
    (60, 6, 'AVAILABLE', 1000, 1736294400000, 1736294400000),
    (60, 7, 'AVAILABLE', 1000, 1736294400000, 1736294400000),

    (61, 1, 'AVAILABLE', 1000, 1736294400000, 1736294400000),
    (61, 2, 'AVAILABLE', 1000, 1736294400000, 1736294400000),
    (61, 3, 'AVAILABLE', 1000, 1736294400000, 1736294400000),
    (61, 4, 'AVAILABLE', 1000, 1736294400000, 1736294400000),
    (61, 5, 'AVAILABLE', 1000, 1736294400000, 1736294400000),
    (61, 6, 'AVAILABLE', 1000, 1736294400000, 1736294400000),
    (61, 7, 'AVAILABLE', 1000, 1736294400000, 1736294400000),
    (61, 8, 'AVAILABLE', 1000, 1736294400000, 1736294400000),
    (61, 9, 'AVAILABLE', 1000, 1736294400000, 1736294400000),
    (61, 10, 'AVAILABLE', 1000, 1736294400000, 1736294400000),

    (62, 1, 'AVAILABLE', 1000, 1736294400000, 1736294400000),
    (62, 2, 'AVAILABLE', 1000, 1736294400000, 1736294400000),
    (62, 3, 'AVAILABLE', 1000, 1736294400000, 1736294400000),
    (62, 4, 'AVAILABLE', 1000, 1736294400000, 1736294400000),
    (62, 5, 'AVAILABLE', 1000, 1736294400000, 1736294400000),
    (62, 6, 'AVAILABLE', 1000, 1736294400000, 1736294400000),
    (62, 7, 'AVAILABLE', 1000, 1736294400000, 1736294400000),
    (62, 8, 'AVAILABLE', 1000, 1736294400000, 1736294400000),
    (62, 9, 'AVAILABLE', 1000, 1736294400000, 1736294400000),
    (62, 10, 'AVAILABLE', 1000, 1736294400000, 1736294400000),

    (63, 1, 'AVAILABLE', 1000, 1736294400000, 1736294400000),
    (63, 2, 'AVAILABLE', 1000, 1736294400000, 1736294400000),
    (63, 3, 'AVAILABLE', 1000, 1736294400000, 1736294400000),
    (63, 4, 'AVAILABLE', 1000, 1736294400000, 1736294400000),
    (63, 5, 'AVAILABLE', 1000, 1736294400000, 1736294400000),
    (63, 6, 'AVAILABLE', 1000, 1736294400000, 1736294400000),
    (63, 7, 'AVAILABLE', 1000, 1736294400000, 1736294400000),
    (63, 8, 'AVAILABLE', 1000, 1736294400000, 1736294400000),
    (63, 9, 'AVAILABLE', 1000, 1736294400000, 1736294400000),
    (63, 10, 'AVAILABLE', 1000, 1736294400000, 1736294400000),

    (64, 1, 'AVAILABLE', 1000, 1736294400000, 1736294400000),
    (64, 2, 'AVAILABLE', 1000, 1736294400000, 1736294400000),
    (64, 3, 'AVAILABLE', 1000, 1736294400000, 1736294400000),
    (64, 4, 'AVAILABLE', 1000, 1736294400000, 1736294400000),
    (64, 5, 'AVAILABLE', 1000, 1736294400000, 1736294400000),
    (64, 6, 'AVAILABLE', 1000, 1736294400000, 1736294400000),
    (64, 7, 'AVAILABLE', 1000, 1736294400000, 1736294400000),
    (64, 8, 'AVAILABLE', 1000, 1736294400000, 1736294400000),
    (64, 9, 'AVAILABLE', 1000, 1736294400000, 1736294400000),
    (64, 10, 'AVAILABLE', 1000, 1736294400000, 1736294400000),

    (65, 1, 'AVAILABLE', 1000, 1736294400000, 1736294400000),
    (65, 2, 'AVAILABLE', 1000, 1736294400000, 1736294400000),
    (65, 3, 'AVAILABLE', 1000, 1736294400000, 1736294400000),
    (65, 4, 'AVAILABLE', 1000, 1736294400000, 1736294400000),
    (65, 5, 'AVAILABLE', 1000, 1736294400000, 1736294400000),
    (65, 6, 'AVAILABLE', 1000, 1736294400000, 1736294400000),
    (65, 7, 'AVAILABLE', 1000, 1736294400000, 1736294400000),
    (65, 8, 'AVAILABLE', 1000, 1736294400000, 1736294400000),
    (65, 9, 'AVAILABLE', 1000, 1736294400000, 1736294400000),
    (65, 10, 'AVAILABLE', 1000, 1736294400000, 1736294400000),

    (66, 1, 'AVAILABLE', 1000, 1736294400000, 1736294400000),
    (66, 2, 'AVAILABLE', 1000, 1736294400000, 1736294400000),
    (66, 3, 'AVAILABLE', 1000, 1736294400000, 1736294400000),
    (66, 4, 'AVAILABLE', 1000, 1736294400000, 1736294400000),
    (66, 5, 'AVAILABLE', 1000, 1736294400000, 1736294400000),
    (66, 6, 'AVAILABLE', 1000, 1736294400000, 1736294400000),
    (66, 7, 'AVAILABLE', 1000, 1736294400000, 1736294400000),
    (66, 8, 'AVAILABLE', 1000, 1736294400000, 1736294400000),
    (66, 9, 'AVAILABLE', 1000, 1736294400000, 1736294400000),
    (66, 10, 'AVAILABLE', 1000, 1736294400000, 1736294400000),

    (67, 1, 'AVAILABLE', 1000, 1736294400000, 1736294400000),
    (67, 2, 'AVAILABLE', 1000, 1736294400000, 1736294400000),
    (67, 3, 'AVAILABLE', 1000, 1736294400000, 1736294400000),
    (67, 4, 'AVAILABLE', 1000, 1736294400000, 1736294400000),
    (67, 5, 'AVAILABLE', 1000, 1736294400000, 1736294400000),
    (67, 6, 'AVAILABLE', 1000, 1736294400000, 1736294400000),
    (67, 7, 'AVAILABLE', 1000, 1736294400000, 1736294400000),
    (67, 8, 'AVAILABLE', 1000, 1736294400000, 1736294400000),
    (67, 9, 'AVAILABLE', 1000, 1736294400000, 1736294400000),
    (67, 10, 'AVAILABLE', 1000, 1736294400000, 1736294400000),

    (68, 1, 'AVAILABLE', 1000, 1736294400000, 1736294400000),
    (68, 2, 'AVAILABLE', 1000, 1736294400000, 1736294400000),
    (68, 3, 'AVAILABLE', 1000, 1736294400000, 1736294400000),
    (68, 4, 'AVAILABLE', 1000, 1736294400000, 1736294400000),
    (68, 5, 'AVAILABLE', 1000, 1736294400000, 1736294400000),
    (68, 6, 'AVAILABLE', 1000, 1736294400000, 1736294400000),
    (68, 7, 'AVAILABLE', 1000, 1736294400000, 1736294400000),
    (68, 8, 'AVAILABLE', 1000, 1736294400000, 1736294400000),
    (68, 9, 'AVAILABLE', 1000, 1736294400000, 1736294400000),
    (68, 10, 'AVAILABLE', 1000, 1736294400000, 1736294400000),

    (69, 1, 'AVAILABLE', 1000, 1736294400000, 1736294400000),
    (69, 2, 'AVAILABLE', 1000, 1736294400000, 1736294400000),
    (69, 3, 'AVAILABLE', 1000, 1736294400000, 1736294400000),
    (69, 4, 'AVAILABLE', 1000, 1736294400000, 1736294400000),
    (69, 5, 'AVAILABLE', 1000, 1736294400000, 1736294400000),
    (69, 6, 'AVAILABLE', 1000, 1736294400000, 1736294400000),
    (69, 7, 'AVAILABLE', 1000, 1736294400000, 1736294400000),
    (69, 8, 'AVAILABLE', 1000, 1736294400000, 1736294400000),
    (69, 9, 'AVAILABLE', 1000, 1736294400000, 1736294400000),
    (69, 10, 'AVAILABLE', 1000, 1736294400000, 1736294400000),

    (70, 1, 'AVAILABLE', 1000, 1736294400000, 1736294400000),
    (70, 2, 'AVAILABLE', 1000, 1736294400000, 1736294400000),
    (70, 3, 'AVAILABLE', 1000, 1736294400000, 1736294400000),
    (70, 4, 'AVAILABLE', 1000, 1736294400000, 1736294400000),
    (70, 5, 'AVAILABLE', 1000, 1736294400000, 1736294400000),
    (70, 6, 'AVAILABLE', 1000, 1736294400000, 1736294400000),
    (70, 7, 'AVAILABLE', 1000, 1736294400000, 1736294400000),
    (70, 8, 'AVAILABLE', 1000, 1736294400000, 1736294400000),
    (70, 9, 'AVAILABLE', 1000, 1736294400000, 1736294400000),
    (70, 10, 'AVAILABLE', 1000, 1736294400000, 1736294400000),

    (71, 1, 'AVAILABLE', 1000, 1736294400000, 1736294400000),
    (71, 2, 'AVAILABLE', 1000, 1736294400000, 1736294400000),
    (71, 3, 'AVAILABLE', 1000, 1736294400000, 1736294400000),
    (71, 4, 'AVAILABLE', 1000, 1736294400000, 1736294400000),
    (71, 5, 'AVAILABLE', 1000, 1736294400000, 1736294400000),
    (71, 6, 'AVAILABLE', 1000, 1736294400000, 1736294400000),
    (71, 7, 'AVAILABLE', 1000, 1736294400000, 1736294400000),
    (71, 8, 'AVAILABLE', 1000, 1736294400000, 1736294400000),
    (71, 9, 'AVAILABLE', 1000, 1736294400000, 1736294400000),
    (71, 10, 'AVAILABLE', 1000, 1736294400000, 1736294400000),

    (72, 1, 'AVAILABLE', 1000, 1736294400000, 1736294400000),
    (72, 2, 'AVAILABLE', 1000, 1736294400000, 1736294400000),
    (72, 3, 'AVAILABLE', 1000, 1736294400000, 1736294400000),
    (72, 4, 'AVAILABLE', 1000, 1736294400000, 1736294400000),
    (72, 5, 'AVAILABLE', 1000, 1736294400000, 1736294400000),
    (72, 6, 'AVAILABLE', 1000, 1736294400000, 1736294400000),
    (72, 7, 'AVAILABLE', 1000, 1736294400000, 1736294400000),
    (72, 8, 'AVAILABLE', 1000, 1736294400000, 1736294400000),
    (72, 9, 'AVAILABLE', 1000, 1736294400000, 1736294400000),
    (72, 10, 'AVAILABLE', 1000, 1736294400000, 1736294400000),

    (73, 1, 'AVAILABLE', 1000, 1736294400000, 1736294400000),
    (73, 2, 'AVAILABLE', 1000, 1736294400000, 1736294400000),
    (73, 3, 'AVAILABLE', 1000, 1736294400000, 1736294400000),
    (73, 4, 'AVAILABLE', 1000, 1736294400000, 1736294400000),
    (73, 5, 'AVAILABLE', 1000, 1736294400000, 1736294400000),
    (73, 6, 'AVAILABLE', 1000, 1736294400000, 1736294400000),
    (73, 7, 'AVAILABLE', 1000, 1736294400000, 1736294400000),
    (73, 8, 'AVAILABLE', 1000, 1736294400000, 1736294400000),
    (73, 9, 'AVAILABLE', 1000, 1736294400000, 1736294400000),
    (73, 10, 'AVAILABLE', 1000, 1736294400000, 1736294400000),

    (74, 1, 'AVAILABLE', 1000, 1736294400000, 1736294400000),
    (74, 2, 'AVAILABLE', 1000, 1736294400000, 1736294400000),
    (74, 3, 'AVAILABLE', 1000, 1736294400000, 1736294400000),
    (74, 4, 'AVAILABLE', 1000, 1736294400000, 1736294400000),
    (74, 5, 'AVAILABLE', 1000, 1736294400000, 1736294400000),
    (74, 6, 'AVAILABLE', 1000, 1736294400000, 1736294400000),
    (74, 7, 'AVAILABLE', 1000, 1736294400000, 1736294400000),
    (74, 8, 'AVAILABLE', 1000, 1736294400000, 1736294400000),
    (74, 9, 'AVAILABLE', 1000, 1736294400000, 1736294400000),
    (74, 10, 'AVAILABLE', 1000, 1736294400000, 1736294400000),

    (75, 1, 'AVAILABLE', 1000, 1736294400000, 1736294400000),
    (75, 2, 'AVAILABLE', 1000, 1736294400000, 1736294400000),
    (75, 3, 'AVAILABLE', 1000, 1736294400000, 1736294400000),
    (75, 4, 'AVAILABLE', 1000, 1736294400000, 1736294400000),
    (75, 5, 'AVAILABLE', 1000, 1736294400000, 1736294400000),
    (75, 6, 'AVAILABLE', 1000, 1736294400000, 1736294400000),
    (75, 7, 'AVAILABLE', 1000, 1736294400000, 1736294400000),
    (75, 8, 'AVAILABLE', 1000, 1736294400000, 1736294400000),
    (75, 9, 'AVAILABLE', 1000, 1736294400000, 1736294400000),
    (75, 10, 'AVAILABLE', 1000, 1736294400000, 1736294400000),

    (76, 1, 'AVAILABLE', 1000, 1736294400000, 1736294400000),
    (76, 2, 'AVAILABLE', 1000, 1736294400000, 1736294400000),
    (76, 3, 'AVAILABLE', 1000, 1736294400000, 1736294400000),
    (76, 4, 'AVAILABLE', 1000, 1736294400000, 1736294400000),
    (76, 5, 'AVAILABLE', 1000, 1736294400000, 1736294400000),
    (76, 6, 'AVAILABLE', 1000, 1736294400000, 1736294400000),
    (76, 7, 'AVAILABLE', 1000, 1736294400000, 1736294400000),
    (76, 8, 'AVAILABLE', 1000, 1736294400000, 1736294400000),
    (76, 9, 'AVAILABLE', 1000, 1736294400000, 1736294400000),
    (76, 10, 'AVAILABLE', 1000, 1736294400000, 1736294400000),

    (77, 1, 'AVAILABLE', 1000, 1736294400000, 1736294400000),
    (77, 2, 'AVAILABLE', 1000, 1736294400000, 1736294400000),
    (77, 3, 'AVAILABLE', 1000, 1736294400000, 1736294400000),
    (77, 4, 'AVAILABLE', 1000, 1736294400000, 1736294400000),
    (77, 5, 'AVAILABLE', 1000, 1736294400000, 1736294400000),
    (77, 6, 'AVAILABLE', 1000, 1736294400000, 1736294400000),
    (77, 7, 'AVAILABLE', 1000, 1736294400000, 1736294400000),
    (77, 8, 'AVAILABLE', 1000, 1736294400000, 1736294400000),
    (77, 9, 'AVAILABLE', 1000, 1736294400000, 1736294400000),
    (77, 10, 'AVAILABLE', 1000, 1736294400000, 1736294400000),

    (78, 1, 'AVAILABLE', 1000, 1736294400000, 1736294400000),
    (78, 2, 'AVAILABLE', 1000, 1736294400000, 1736294400000),
    (78, 3, 'AVAILABLE', 1000, 1736294400000, 1736294400000),
    (78, 4, 'AVAILABLE', 1000, 1736294400000, 1736294400000),
    (78, 5, 'AVAILABLE', 1000, 1736294400000, 1736294400000),
    (78, 6, 'AVAILABLE', 1000, 1736294400000, 1736294400000),
    (78, 7, 'AVAILABLE', 1000, 1736294400000, 1736294400000),
    (78, 8, 'AVAILABLE', 1000, 1736294400000, 1736294400000),
    (78, 9, 'AVAILABLE', 1000, 1736294400000, 1736294400000),
    (78, 10, 'AVAILABLE', 1000, 1736294400000, 1736294400000),

    (79, 1, 'AVAILABLE', 1000, 1736294400000, 1736294400000),
    (79, 2, 'AVAILABLE', 1000, 1736294400000, 1736294400000),
    (79, 3, 'AVAILABLE', 1000, 1736294400000, 1736294400000),
    (79, 4, 'AVAILABLE', 1000, 1736294400000, 1736294400000),
    (79, 5, 'AVAILABLE', 1000, 1736294400000, 1736294400000),
    (79, 6, 'AVAILABLE', 1000, 1736294400000, 1736294400000),
    (79, 7, 'AVAILABLE', 1000, 1736294400000, 1736294400000),
    (79, 8, 'AVAILABLE', 1000, 1736294400000, 1736294400000),
    (79, 9, 'AVAILABLE', 1000, 1736294400000, 1736294400000),
    (79, 10, 'AVAILABLE', 1000, 1736294400000, 1736294400000),

    (80, 1, 'AVAILABLE', 1000, 1736294400000, 1736294400000),
    (80, 2, 'AVAILABLE', 1000, 1736294400000, 1736294400000),
    (80, 3, 'AVAILABLE', 1000, 1736294400000, 1736294400000),
    (80, 4, 'AVAILABLE', 1000, 1736294400000, 1736294400000),
    (80, 5, 'AVAILABLE', 1000, 1736294400000, 1736294400000),
    (80, 6, 'AVAILABLE', 1000, 1736294400000, 1736294400000),
    (80, 7, 'AVAILABLE', 1000, 1736294400000, 1736294400000),
    (80, 8, 'AVAILABLE', 1000, 1736294400000, 1736294400000),
    (80, 9, 'AVAILABLE', 1000, 1736294400000, 1736294400000),
    (80, 10, 'AVAILABLE', 1000, 1736294400000, 1736294400000),

    (81, 1, 'AVAILABLE', 1000, 1736294400000, 1736294400000),
    (81, 2, 'AVAILABLE', 1000, 1736294400000, 1736294400000),
    (81, 3, 'AVAILABLE', 1000, 1736294400000, 1736294400000),
    (81, 4, 'AVAILABLE', 1000, 1736294400000, 1736294400000),
    (81, 5, 'AVAILABLE', 1000, 1736294400000, 1736294400000),
    (81, 6, 'AVAILABLE', 1000, 1736294400000, 1736294400000),
    (81, 7, 'AVAILABLE', 1000, 1736294400000, 1736294400000),
    (81, 8, 'AVAILABLE', 1000, 1736294400000, 1736294400000),
    (81, 9, 'AVAILABLE', 1000, 1736294400000, 1736294400000),
    (81, 10, 'AVAILABLE', 1000, 1736294400000, 1736294400000),

    (82, 1, 'AVAILABLE', 1000, 1736294400000, 1736294400000),
    (82, 2, 'AVAILABLE', 1000, 1736294400000, 1736294400000),
    (82, 3, 'AVAILABLE', 1000, 1736294400000, 1736294400000),
    (82, 4, 'AVAILABLE', 1000, 1736294400000, 1736294400000),
    (82, 5, 'AVAILABLE', 1000, 1736294400000, 1736294400000),
    (82, 6, 'AVAILABLE', 1000, 1736294400000, 1736294400000),
    (82, 7, 'AVAILABLE', 1000, 1736294400000, 1736294400000),
    (82, 8, 'AVAILABLE', 1000, 1736294400000, 1736294400000),
    (82, 9, 'AVAILABLE', 1000, 1736294400000, 1736294400000),
    (82, 10, 'AVAILABLE', 1000, 1736294400000, 1736294400000),

    (83, 1, 'AVAILABLE', 1000, 1736294400000, 1736294400000),
    (83, 2, 'AVAILABLE', 1000, 1736294400000, 1736294400000),
    (83, 3, 'AVAILABLE', 1000, 1736294400000, 1736294400000),
    (83, 4, 'AVAILABLE', 1000, 1736294400000, 1736294400000),
    (83, 5, 'AVAILABLE', 1000, 1736294400000, 1736294400000),
    (83, 6, 'AVAILABLE', 1000, 1736294400000, 1736294400000),
    (83, 7, 'AVAILABLE', 1000, 1736294400000, 1736294400000),
    (83, 8, 'AVAILABLE', 1000, 1736294400000, 1736294400000),
    (83, 9, 'AVAILABLE', 1000, 1736294400000, 1736294400000),
    (83, 10, 'AVAILABLE', 1000, 1736294400000, 1736294400000),

    (84, 1, 'AVAILABLE', 1000, 1736294400000, 1736294400000),
    (84, 2, 'AVAILABLE', 1000, 1736294400000, 1736294400000),
    (84, 3, 'AVAILABLE', 1000, 1736294400000, 1736294400000),
    (84, 4, 'AVAILABLE', 1000, 1736294400000, 1736294400000),
    (84, 5, 'AVAILABLE', 1000, 1736294400000, 1736294400000),
    (84, 6, 'AVAILABLE', 1000, 1736294400000, 1736294400000),
    (84, 7, 'AVAILABLE', 1000, 1736294400000, 1736294400000),
    (84, 8, 'AVAILABLE', 1000, 1736294400000, 1736294400000),
    (84, 9, 'AVAILABLE', 1000, 1736294400000, 1736294400000),
    (84, 10, 'AVAILABLE', 1000, 1736294400000, 1736294400000),

    (85, 1, 'AVAILABLE', 1000, 1736294400000, 1736294400000),
    (85, 2, 'AVAILABLE', 1000, 1736294400000, 1736294400000),
    (85, 3, 'AVAILABLE', 1000, 1736294400000, 1736294400000),
    (85, 4, 'AVAILABLE', 1000, 1736294400000, 1736294400000),
    (85, 5, 'AVAILABLE', 1000, 1736294400000, 1736294400000),
    (85, 6, 'AVAILABLE', 1000, 1736294400000, 1736294400000),
    (85, 7, 'AVAILABLE', 1000, 1736294400000, 1736294400000),
    (85, 8, 'AVAILABLE', 1000, 1736294400000, 1736294400000),
    (85, 9, 'AVAILABLE', 1000, 1736294400000, 1736294400000),
    (85, 10, 'AVAILABLE', 1000, 1736294400000, 1736294400000),

    (86, 1, 'AVAILABLE', 1000, 1736294400000, 1736294400000),
    (86, 2, 'AVAILABLE', 1000, 1736294400000, 1736294400000),
    (86, 3, 'AVAILABLE', 1000, 1736294400000, 1736294400000),
    (86, 4, 'AVAILABLE', 1000, 1736294400000, 1736294400000),
    (86, 5, 'AVAILABLE', 1000, 1736294400000, 1736294400000),
    (86, 6, 'AVAILABLE', 1000, 1736294400000, 1736294400000),
    (86, 7, 'AVAILABLE', 1000, 1736294400000, 1736294400000),
    (86, 8, 'AVAILABLE', 1000, 1736294400000, 1736294400000),
    (86, 9, 'AVAILABLE', 1000, 1736294400000, 1736294400000),
    (86, 10, 'AVAILABLE', 1000, 1736294400000, 1736294400000),

    (87, 1, 'AVAILABLE', 1000, 1736294400000, 1736294400000),
    (87, 2, 'AVAILABLE', 1000, 1736294400000, 1736294400000),
    (87, 3, 'AVAILABLE', 1000, 1736294400000, 1736294400000),
    (87, 4, 'AVAILABLE', 1000, 1736294400000, 1736294400000),
    (87, 5, 'AVAILABLE', 1000, 1736294400000, 1736294400000),
    (87, 6, 'AVAILABLE', 1000, 1736294400000, 1736294400000),
    (87, 7, 'AVAILABLE', 1000, 1736294400000, 1736294400000),
    (87, 8, 'AVAILABLE', 1000, 1736294400000, 1736294400000),
    (87, 9, 'AVAILABLE', 1000, 1736294400000, 1736294400000),
    (87, 10, 'AVAILABLE', 1000, 1736294400000, 1736294400000),

    (88, 1, 'AVAILABLE', 1000, 1736294400000, 1736294400000),
    (88, 2, 'AVAILABLE', 1000, 1736294400000, 1736294400000),
    (88, 3, 'AVAILABLE', 1000, 1736294400000, 1736294400000),
    (88, 4, 'AVAILABLE', 1000, 1736294400000, 1736294400000),
    (88, 5, 'AVAILABLE', 1000, 1736294400000, 1736294400000),
    (88, 6, 'AVAILABLE', 1000, 1736294400000, 1736294400000),
    (88, 7, 'AVAILABLE', 1000, 1736294400000, 1736294400000),
    (88, 8, 'AVAILABLE', 1000, 1736294400000, 1736294400000),
    (88, 9, 'AVAILABLE', 1000, 1736294400000, 1736294400000),
    (88, 10, 'AVAILABLE', 1000, 1736294400000, 1736294400000),

    (89, 1, 'AVAILABLE', 1000, 1736294400000, 1736294400000),
    (89, 2, 'AVAILABLE', 1000, 1736294400000, 1736294400000),
    (89, 3, 'AVAILABLE', 1000, 1736294400000, 1736294400000),
    (89, 4, 'AVAILABLE', 1000, 1736294400000, 1736294400000),
    (89, 5, 'AVAILABLE', 1000, 1736294400000, 1736294400000),
    (89, 6, 'AVAILABLE', 1000, 1736294400000, 1736294400000),
    (89, 7, 'AVAILABLE', 1000, 1736294400000, 1736294400000),
    (89, 8, 'AVAILABLE', 1000, 1736294400000, 1736294400000),
    (89, 9, 'AVAILABLE', 1000, 1736294400000, 1736294400000),
    (89, 10, 'AVAILABLE', 1000, 1736294400000, 1736294400000),

    (90, 1, 'AVAILABLE', 1000, 1736294400000, 1736294400000),
    (90, 2, 'AVAILABLE', 1000, 1736294400000, 1736294400000),
    (90, 3, 'AVAILABLE', 1000, 1736294400000, 1736294400000),
    (90, 4, 'AVAILABLE', 1000, 1736294400000, 1736294400000),
    (90, 5, 'AVAILABLE', 1000, 1736294400000, 1736294400000),
    (90, 6, 'AVAILABLE', 1000, 1736294400000, 1736294400000),
    (90, 7, 'AVAILABLE', 1000, 1736294400000, 1736294400000),
    (90, 8, 'AVAILABLE', 1000, 1736294400000, 1736294400000),
    (90, 9, 'AVAILABLE', 1000, 1736294400000, 1736294400000),
    (90, 10, 'AVAILABLE', 1000, 1736294400000, 1736294400000),

    (91, 1, 'AVAILABLE', 1000, 1736294400000, 1736294400000),
    (91, 2, 'AVAILABLE', 1000, 1736294400000, 1736294400000),
    (91, 3, 'AVAILABLE', 1000, 1736294400000, 1736294400000),
    (91, 4, 'AVAILABLE', 1000, 1736294400000, 1736294400000),
    (91, 5, 'AVAILABLE', 1000, 1736294400000, 1736294400000),
    (91, 6, 'AVAILABLE', 1000, 1736294400000, 1736294400000),
    (91, 7, 'AVAILABLE', 1000, 1736294400000, 1736294400000),
    (91, 8, 'AVAILABLE', 1000, 1736294400000, 1736294400000),
    (91, 9, 'AVAILABLE', 1000, 1736294400000, 1736294400000),
    (91, 10, 'AVAILABLE', 1000, 1736294400000, 1736294400000),

    (92, 1, 'AVAILABLE', 1000, 1736294400000, 1736294400000),
    (92, 2, 'AVAILABLE', 1000, 1736294400000, 1736294400000),
    (92, 3, 'AVAILABLE', 1000, 1736294400000, 1736294400000),
    (92, 4, 'AVAILABLE', 1000, 1736294400000, 1736294400000),
    (92, 5, 'AVAILABLE', 1000, 1736294400000, 1736294400000),
    (92, 6, 'AVAILABLE', 1000, 1736294400000, 1736294400000),
    (92, 7, 'AVAILABLE', 1000, 1736294400000, 1736294400000),
    (92, 8, 'AVAILABLE', 1000, 1736294400000, 1736294400000),
    (92, 9, 'AVAILABLE', 1000, 1736294400000, 1736294400000),
    (92, 10, 'AVAILABLE', 1000, 1736294400000, 1736294400000),

    (93, 1, 'AVAILABLE', 1000, 1736294400000, 1736294400000),
    (93, 2, 'AVAILABLE', 1000, 1736294400000, 1736294400000),
    (93, 3, 'AVAILABLE', 1000, 1736294400000, 1736294400000),
    (93, 4, 'AVAILABLE', 1000, 1736294400000, 1736294400000),
    (93, 5, 'AVAILABLE', 1000, 1736294400000, 1736294400000),
    (93, 6, 'AVAILABLE', 1000, 1736294400000, 1736294400000),
    (93, 7, 'AVAILABLE', 1000, 1736294400000, 1736294400000),
    (93, 8, 'AVAILABLE', 1000, 1736294400000, 1736294400000),
    (93, 9, 'AVAILABLE', 1000, 1736294400000, 1736294400000),
    (93, 10, 'AVAILABLE', 1000, 1736294400000, 1736294400000),

    (94, 1, 'AVAILABLE', 1000, 1736294400000, 1736294400000),
    (94, 2, 'AVAILABLE', 1000, 1736294400000, 1736294400000),
    (94, 3, 'AVAILABLE', 1000, 1736294400000, 1736294400000),
    (94, 4, 'AVAILABLE', 1000, 1736294400000, 1736294400000),
    (94, 5, 'AVAILABLE', 1000, 1736294400000, 1736294400000),
    (94, 6, 'AVAILABLE', 1000, 1736294400000, 1736294400000),
    (94, 7, 'AVAILABLE', 1000, 1736294400000, 1736294400000),
    (94, 8, 'AVAILABLE', 1000, 1736294400000, 1736294400000),
    (94, 9, 'AVAILABLE', 1000, 1736294400000, 1736294400000),
    (94, 10, 'AVAILABLE', 1000, 1736294400000, 1736294400000),

    (95, 1, 'AVAILABLE', 1000, 1736294400000, 1736294400000),
    (95, 2, 'AVAILABLE', 1000, 1736294400000, 1736294400000),
    (95, 3, 'AVAILABLE', 1000, 1736294400000, 1736294400000),
    (95, 4, 'AVAILABLE', 1000, 1736294400000, 1736294400000),
    (95, 5, 'AVAILABLE', 1000, 1736294400000, 1736294400000),
    (95, 6, 'AVAILABLE', 1000, 1736294400000, 1736294400000),
    (95, 7, 'AVAILABLE', 1000, 1736294400000, 1736294400000),
    (95, 8, 'AVAILABLE', 1000, 1736294400000, 1736294400000),
    (95, 9, 'AVAILABLE', 1000, 1736294400000, 1736294400000),
    (95, 10, 'AVAILABLE', 1000, 1736294400000, 1736294400000),

    (96, 1, 'AVAILABLE', 1000, 1736294400000, 1736294400000),
    (96, 2, 'AVAILABLE', 1000, 1736294400000, 1736294400000),
    (96, 3, 'AVAILABLE', 1000, 1736294400000, 1736294400000),
    (96, 4, 'AVAILABLE', 1000, 1736294400000, 1736294400000),
    (96, 5, 'AVAILABLE', 1000, 1736294400000, 1736294400000),
    (96, 6, 'AVAILABLE', 1000, 1736294400000, 1736294400000),
    (96, 7, 'AVAILABLE', 1000, 1736294400000, 1736294400000),
    (96, 8, 'AVAILABLE', 1000, 1736294400000, 1736294400000),
    (96, 9, 'AVAILABLE', 1000, 1736294400000, 1736294400000),
    (96, 10, 'AVAILABLE', 1000, 1736294400000, 1736294400000),

    (97, 1, 'AVAILABLE', 1000, 1736294400000, 1736294400000),
    (97, 2, 'AVAILABLE', 1000, 1736294400000, 1736294400000),
    (97, 3, 'AVAILABLE', 1000, 1736294400000, 1736294400000),
    (97, 4, 'AVAILABLE', 1000, 1736294400000, 1736294400000),
    (97, 5, 'AVAILABLE', 1000, 1736294400000, 1736294400000),
    (97, 6, 'AVAILABLE', 1000, 1736294400000, 1736294400000),
    (97, 7, 'AVAILABLE', 1000, 1736294400000, 1736294400000),
    (97, 8, 'AVAILABLE', 1000, 1736294400000, 1736294400000),
    (97, 9, 'AVAILABLE', 1000, 1736294400000, 1736294400000),
    (97, 10, 'AVAILABLE', 1000, 1736294400000, 1736294400000),

    (98, 1, 'AVAILABLE', 1000, 1736294400000, 1736294400000),
    (98, 2, 'AVAILABLE', 1000, 1736294400000, 1736294400000),
    (98, 3, 'AVAILABLE', 1000, 1736294400000, 1736294400000),
    (98, 4, 'AVAILABLE', 1000, 1736294400000, 1736294400000),
    (98, 5, 'AVAILABLE', 1000, 1736294400000, 1736294400000),
    (98, 6, 'AVAILABLE', 1000, 1736294400000, 1736294400000),
    (98, 7, 'AVAILABLE', 1000, 1736294400000, 1736294400000),
    (98, 8, 'AVAILABLE', 1000, 1736294400000, 1736294400000),
    (98, 9, 'AVAILABLE', 1000, 1736294400000, 1736294400000),
    (98, 10, 'AVAILABLE', 1000, 1736294400000, 1736294400000),

    (99, 1, 'AVAILABLE', 1000, 1736294400000, 1736294400000),
    (99, 2, 'AVAILABLE', 1000, 1736294400000, 1736294400000),
    (99, 3, 'AVAILABLE', 1000, 1736294400000, 1736294400000),
    (99, 4, 'AVAILABLE', 1000, 1736294400000, 1736294400000),
    (99, 5, 'AVAILABLE', 1000, 1736294400000, 1736294400000),
    (99, 6, 'AVAILABLE', 1000, 1736294400000, 1736294400000),
    (99, 7, 'AVAILABLE', 1000, 1736294400000, 1736294400000),
    (99, 8, 'AVAILABLE', 1000, 1736294400000, 1736294400000),
    (99, 9, 'AVAILABLE', 1000, 1736294400000, 1736294400000),
    (99, 10, 'AVAILABLE', 1000, 1736294400000, 1736294400000),

    (100, 1, 'AVAILABLE', 1000, 1736294400000, 1736294400000),
    (100, 2, 'AVAILABLE', 1000, 1736294400000, 1736294400000),
    (100, 3, 'AVAILABLE', 1000, 1736294400000, 1736294400000),
    (100, 4, 'AVAILABLE', 1000, 1736294400000, 1736294400000),
    (100, 5, 'AVAILABLE', 1000, 1736294400000, 1736294400000),
    (100, 6, 'AVAILABLE', 1000, 1736294400000, 1736294400000),
    (100, 7, 'AVAILABLE', 1000, 1736294400000, 1736294400000),
    (100, 8, 'AVAILABLE', 1000, 1736294400000, 1736294400000),
    (100, 9, 'AVAILABLE', 1000, 1736294400000, 1736294400000),
    (100, 10, 'AVAILABLE', 1000, 1736294400000, 1736294400000);
